{"info":{"_postman_id":"05b8c843-8136-4213-9604-6d19def2d878","name":"WC.Hackathon.POC","schema":"https://schema.getpostman.com/json/collection/v2.1.0/collection.json"},"item":[{"name":"LinesOfBusiness","item":[{"name":"Products","item":[{"name":"{state}","item":[{"name":"/LinesOfBusiness/Products/:state","id":"0f0c7ba4-2ff0-4273-8fbe-642a7a925baa","protocolProfileBehavior":{"disableBodyPruning":true},"request":{"method":"GET","header":[{"key":"Accept","value":"text/plain"}],"url":{"raw":"{{baseUrl}}/LinesOfBusiness/Products/:state","host":["{{baseUrl}}"],"path":["LinesOfBusiness","Products",":state"],"variable":[{"id":"63fd097a-192a-4838-85e4-5450c85ecef6","key":"state","value":"<string>"}]}},"response":[{"id":"b27ff323-c5d7-431d-9258-f27ec9d7f245","name":"Success","originalRequest":{"method":"GET","header":[],"url":{"raw":"{{baseUrl}}/LinesOfBusiness/Products/:state","host":["{{baseUrl}}"],"path":["LinesOfBusiness","Products",":state"],"variable":[{"key":"state"}]}},"status":"OK","code":200,"_postman_previewlanguage":"json","header":[{"key":"Content-Type","value":"application/json"}],"cookie":[],"responseTime":null,"body":"[\n  {\n    \"state\": \"<string>\",\n    \"code\": \"<string>\",\n    \"name\": \"<string>\",\n    \"group\": {\n      \"state\": \"<string>\",\n      \"code\": \"<string>\",\n      \"name\": \"<string>\",\n      \"lineOfBusiness\": {\n        \"state\": \"<string>\",\n        \"code\": \"<string>\",\n        \"name\": \"<string>\"\n      }\n    }\n  },\n  {\n    \"state\": \"<string>\",\n    \"code\": \"<string>\",\n    \"name\": \"<string>\",\n    \"group\": {\n      \"state\": \"<string>\",\n      \"code\": \"<string>\",\n      \"name\": \"<string>\",\n      \"lineOfBusiness\": {\n        \"state\": \"<string>\",\n        \"code\": \"<string>\",\n        \"name\": \"<string>\"\n      }\n    }\n  }\n]"}]}],"id":"a3000c51-3a82-4106-a5bf-7ff07e662028"},{"name":"/LinesOfBusiness/Products","id":"bb94a889-f3fd-4ed9-a2aa-b77e9bfcf8f3","protocolProfileBehavior":{"disableBodyPruning":true},"request":{"method":"GET","header":[{"key":"Accept","value":"text/plain"}],"url":{"raw":"{{baseUrl}}/LinesOfBusiness/Products","host":["{{baseUrl}}"],"path":["LinesOfBusiness","Products"]}},"response":[{"id":"b7a07b9d-33c3-488c-8c6e-390682b4f8ee","name":"Success","originalRequest":{"method":"GET","header":[],"url":{"raw":"{{baseUrl}}/LinesOfBusiness/Products","host":["{{baseUrl}}"],"path":["LinesOfBusiness","Products"]}},"status":"OK","code":200,"_postman_previewlanguage":"json","header":[{"key":"Content-Type","value":"application/json"}],"cookie":[],"responseTime":null,"body":"[\n  {\n    \"state\": \"<string>\",\n    \"code\": \"<string>\",\n    \"name\": \"<string>\",\n    \"group\": {\n      \"state\": \"<string>\",\n      \"code\": \"<string>\",\n      \"name\": \"<string>\",\n      \"lineOfBusiness\": {\n        \"state\": \"<string>\",\n        \"code\": \"<string>\",\n        \"name\": \"<string>\"\n      }\n    }\n  },\n  {\n    \"state\": \"<string>\",\n    \"code\": \"<string>\",\n    \"name\": \"<string>\",\n    \"group\": {\n      \"state\": \"<string>\",\n      \"code\": \"<string>\",\n      \"name\": \"<string>\",\n      \"lineOfBusiness\": {\n        \"state\": \"<string>\",\n        \"code\": \"<string>\",\n        \"name\": \"<string>\"\n      }\n    }\n  }\n]"}]}],"id":"cb4682b9-2a17-4ab1-b68f-7ec2080c3538"},{"name":"Plans","item":[{"name":"{state}","item":[{"name":"/LinesOfBusiness/Plans/:state","id":"6ca00ff5-cf06-4552-8a8f-05373c6b5532","protocolProfileBehavior":{"disableBodyPruning":true},"request":{"method":"GET","header":[{"key":"Accept","value":"text/plain"}],"url":{"raw":"{{baseUrl}}/LinesOfBusiness/Plans/:state","host":["{{baseUrl}}"],"path":["LinesOfBusiness","Plans",":state"],"variable":[{"id":"d3692bf4-cac7-4f3d-969f-63c8bc960f5c","key":"state","value":"<string>"}]}},"response":[{"id":"64ce6865-623e-4eac-82d2-61047466df7a","name":"Success","originalRequest":{"method":"GET","header":[],"url":{"raw":"{{baseUrl}}/LinesOfBusiness/Plans/:state","host":["{{baseUrl}}"],"path":["LinesOfBusiness","Plans",":state"],"variable":[{"key":"state"}]}},"status":"OK","code":200,"_postman_previewlanguage":"json","header":[{"key":"Content-Type","value":"application/json"}],"cookie":[],"responseTime":null,"body":"[\n  {\n    \"state\": \"<string>\",\n    \"code\": \"<string>\",\n    \"name\": \"<string>\",\n    \"product\": {\n      \"state\": \"<string>\",\n      \"code\": \"<string>\",\n      \"name\": \"<string>\",\n      \"group\": {\n        \"state\": \"<string>\",\n        \"code\": \"<string>\",\n        \"name\": \"<string>\",\n        \"lineOfBusiness\": {\n          \"state\": \"<string>\",\n          \"code\": \"<string>\",\n          \"name\": \"<string>\"\n        }\n      }\n    }\n  },\n  {\n    \"state\": \"<string>\",\n    \"code\": \"<string>\",\n    \"name\": \"<string>\",\n    \"product\": {\n      \"state\": \"<string>\",\n      \"code\": \"<string>\",\n      \"name\": \"<string>\",\n      \"group\": {\n        \"state\": \"<string>\",\n        \"code\": \"<string>\",\n        \"name\": \"<string>\",\n        \"lineOfBusiness\": {\n          \"state\": \"<string>\",\n          \"code\": \"<string>\",\n          \"name\": \"<string>\"\n        }\n      }\n    }\n  }\n]"}]}],"id":"e185014a-1bd7-49f3-894a-5951541a4c99"},{"name":"/LinesOfBusiness/Plans","id":"95ec36f7-97e7-4144-9d25-17d07ef2cc1c","protocolProfileBehavior":{"disableBodyPruning":true},"request":{"method":"GET","header":[{"key":"Accept","value":"text/plain"}],"url":{"raw":"{{baseUrl}}/LinesOfBusiness/Plans","host":["{{baseUrl}}"],"path":["LinesOfBusiness","Plans"]}},"response":[{"id":"9e0b5875-91d3-4ce9-9b53-38bf9f9ae668","name":"Success","originalRequest":{"method":"GET","header":[],"url":{"raw":"{{baseUrl}}/LinesOfBusiness/Plans","host":["{{baseUrl}}"],"path":["LinesOfBusiness","Plans"]}},"status":"OK","code":200,"_postman_previewlanguage":"json","header":[{"key":"Content-Type","value":"application/json"}],"cookie":[],"responseTime":null,"body":"[\n  {\n    \"state\": \"<string>\",\n    \"code\": \"<string>\",\n    \"name\": \"<string>\",\n    \"product\": {\n      \"state\": \"<string>\",\n      \"code\": \"<string>\",\n      \"name\": \"<string>\",\n      \"group\": {\n        \"state\": \"<string>\",\n        \"code\": \"<string>\",\n        \"name\": \"<string>\",\n        \"lineOfBusiness\": {\n          \"state\": \"<string>\",\n          \"code\": \"<string>\",\n          \"name\": \"<string>\"\n        }\n      }\n    }\n  },\n  {\n    \"state\": \"<string>\",\n    \"code\": \"<string>\",\n    \"name\": \"<string>\",\n    \"product\": {\n      \"state\": \"<string>\",\n      \"code\": \"<string>\",\n      \"name\": \"<string>\",\n      \"group\": {\n        \"state\": \"<string>\",\n        \"code\": \"<string>\",\n        \"name\": \"<string>\",\n        \"lineOfBusiness\": {\n          \"state\": \"<string>\",\n          \"code\": \"<string>\",\n          \"name\": \"<string>\"\n        }\n      }\n    }\n  }\n]"}]}],"id":"9b341f23-ae59-4270-9674-afb8fcd33b33"},{"name":"LinesOfBusiness","item":[{"name":"{state}","item":[{"name":"/LinesOfBusiness/LinesOfBusiness/:state","id":"ebf4c537-fb22-46d0-8b7c-5e44f9605c47","protocolProfileBehavior":{"disableBodyPruning":true},"request":{"method":"GET","header":[{"key":"Accept","value":"text/plain"}],"url":{"raw":"{{baseUrl}}/LinesOfBusiness/LinesOfBusiness/:state","host":["{{baseUrl}}"],"path":["LinesOfBusiness","LinesOfBusiness",":state"],"variable":[{"id":"58f8a54d-7f19-4819-b4ad-bf57794c8962","key":"state","value":"<string>"}]}},"response":[{"id":"4c6fbbf4-4315-430a-a22e-0e176e74cbd3","name":"Success","originalRequest":{"method":"GET","header":[],"url":{"raw":"{{baseUrl}}/LinesOfBusiness/LinesOfBusiness/:state","host":["{{baseUrl}}"],"path":["LinesOfBusiness","LinesOfBusiness",":state"],"variable":[{"key":"state"}]}},"status":"OK","code":200,"_postman_previewlanguage":"json","header":[{"key":"Content-Type","value":"application/json"}],"cookie":[],"responseTime":null,"body":"[\n  {\n    \"state\": \"<string>\",\n    \"code\": \"<string>\",\n    \"name\": \"<string>\"\n  },\n  {\n    \"state\": \"<string>\",\n    \"code\": \"<string>\",\n    \"name\": \"<string>\"\n  }\n]"}]}],"id":"15f83a90-59ed-4857-8ea3-feb77f3edaf1"},{"name":"/LinesOfBusiness/LinesOfBusiness","id":"8fdec398-32f6-4c3c-a904-63f21e82807a","protocolProfileBehavior":{"disableBodyPruning":true},"request":{"method":"GET","header":[{"key":"Accept","value":"text/plain"}],"url":{"raw":"{{baseUrl}}/LinesOfBusiness/LinesOfBusiness","host":["{{baseUrl}}"],"path":["LinesOfBusiness","LinesOfBusiness"]}},"response":[{"id":"44a54083-c22a-4b7e-a0f9-e6849a0ae51b","name":"Success","originalRequest":{"method":"GET","header":[],"url":{"raw":"{{baseUrl}}/LinesOfBusiness/LinesOfBusiness","host":["{{baseUrl}}"],"path":["LinesOfBusiness","LinesOfBusiness"]}},"status":"OK","code":200,"_postman_previewlanguage":"json","header":[{"key":"Content-Type","value":"application/json"}],"cookie":[],"responseTime":null,"body":"[\n  {\n    \"state\": \"<string>\",\n    \"code\": \"<string>\",\n    \"name\": \"<string>\"\n  },\n  {\n    \"state\": \"<string>\",\n    \"code\": \"<string>\",\n    \"name\": \"<string>\"\n  }\n]"}]}],"id":"8603659c-c578-49fc-8f94-0da4dbdb5475"},{"name":"Groups","item":[{"name":"{state}","item":[{"name":"/LinesOfBusiness/Groups/:state","id":"1aa3ccac-762a-4b5d-98b1-29ec1f1d9075","protocolProfileBehavior":{"disableBodyPruning":true},"request":{"method":"GET","header":[{"key":"Accept","value":"text/plain"}],"url":{"raw":"{{baseUrl}}/LinesOfBusiness/Groups/:state","host":["{{baseUrl}}"],"path":["LinesOfBusiness","Groups",":state"],"variable":[{"id":"10c6aaaf-1620-49c0-a71f-09e2bcf75266","key":"state","value":"<string>"}]}},"response":[{"id":"5e029843-6dff-46ef-9897-3db83c5f0592","name":"Success","originalRequest":{"method":"GET","header":[],"url":{"raw":"{{baseUrl}}/LinesOfBusiness/Groups/:state","host":["{{baseUrl}}"],"path":["LinesOfBusiness","Groups",":state"],"variable":[{"key":"state"}]}},"status":"OK","code":200,"_postman_previewlanguage":"json","header":[{"key":"Content-Type","value":"application/json"}],"cookie":[],"responseTime":null,"body":"[\n  {\n    \"state\": \"<string>\",\n    \"code\": \"<string>\",\n    \"name\": \"<string>\",\n    \"lineOfBusiness\": {\n      \"state\": \"<string>\",\n      \"code\": \"<string>\",\n      \"name\": \"<string>\"\n    }\n  },\n  {\n    \"state\": \"<string>\",\n    \"code\": \"<string>\",\n    \"name\": \"<string>\",\n    \"lineOfBusiness\": {\n      \"state\": \"<string>\",\n      \"code\": \"<string>\",\n      \"name\": \"<string>\"\n    }\n  }\n]"}]}],"id":"8173ec25-03bd-4299-83bb-30ff4128378f"},{"name":"/LinesOfBusiness/Groups","id":"3b38f7c7-d1d0-4573-b865-d3390785f9a2","protocolProfileBehavior":{"disableBodyPruning":true},"request":{"method":"GET","header":[{"key":"Accept","value":"text/plain"}],"url":{"raw":"{{baseUrl}}/LinesOfBusiness/Groups","host":["{{baseUrl}}"],"path":["LinesOfBusiness","Groups"]}},"response":[{"id":"696d4b6d-bc0d-41cc-94e1-7b3c4d17bbb5","name":"Success","originalRequest":{"method":"GET","header":[],"url":{"raw":"{{baseUrl}}/LinesOfBusiness/Groups","host":["{{baseUrl}}"],"path":["LinesOfBusiness","Groups"]}},"status":"OK","code":200,"_postman_previewlanguage":"json","header":[{"key":"Content-Type","value":"application/json"}],"cookie":[],"responseTime":null,"body":"[\n  {\n    \"state\": \"<string>\",\n    \"code\": \"<string>\",\n    \"name\": \"<string>\",\n    \"lineOfBusiness\": {\n      \"state\": \"<string>\",\n      \"code\": \"<string>\",\n      \"name\": \"<string>\"\n    }\n  },\n  {\n    \"state\": \"<string>\",\n    \"code\": \"<string>\",\n    \"name\": \"<string>\",\n    \"lineOfBusiness\": {\n      \"state\": \"<string>\",\n      \"code\": \"<string>\",\n      \"name\": \"<string>\"\n    }\n  }\n]"}]}],"id":"6e863983-d976-4ea5-92ba-2518366c80d4"}],"id":"ba9b3552-91a3-4075-99c8-f2bae6c154ed"}],"variable":[{"id":"d96ec174-b97c-44e6-af5b-5684322112dd","key":"baseUrl","value":"/"}]}