{"info":{"_postman_id":"071c39b1-bbdc-4fd8-a262-c0f40640a137","name":"Integration Testing","description":"# About this collection\n\nPostman allows you to test your APIs using simple Javascript code. You can evaluate your response body, headers, cookies, and more using the [ChaiJS BDD](https://www.chaijs.com/api/bdd/) syntax.\n\nThis collection guides you through the process of setting up an integration test to ensure that all individual components of an API function together seamlessly.\n\nThe API under test in this collection includes three endpoints for registering and receiving a token, accessing your unique generated name, and unregistering a token:\n\n- POST `/register`\n- POST `/unregister`\n- GET `/my-name`\n    \n\nBy setting up requests in the order of the operation, we can test the flow of data to and from the endpoints and ensure they work together as expected. We also verify that the data persists between requests on the back end.\n\n## **Using this collection**\n\n**Step 1:** Check out the requests' documentation to learn more about -\n\n- what each request is meant to do.\n- the tests we've added against each one.\n    \n\n**Step 2:** Run this collection by clicking on \"Run\".\n\n<img src=\"https://content.pstmn.io/84019b0f-69c8-4c5f-98b9-2c90a6f9a0b1/Y29sbGVjdGlvbi1ydW5uZXItYnV0dG9uLmpwZWc=\" width=\"266\" height=\"103\">\n\n**Step 3:** To customize this collection, replace the request URLs with your API endpoints and add or edit the tests if needed.\n\n## Resources\n\n[Scripting in Postman](https://learning.postman.com/docs/writing-scripts/intro-to-scripts/)\n\n[Test script examples](https://learning.postman.com/docs/writing-scripts/script-references/test-examples/)\n\n[Postman Sandbox API reference](https://learning.postman.com/docs/sending-requests/grpc/postman-sandbox-api/#writing-assertions)\n\n[Using the Collection Runner](https://learning.postman.com/docs/collections/running-collections/intro-to-collection-runs/)","schema":"https://schema.getpostman.com/json/collection/v2.1.0/collection.json"},"item":[{"name":"Register","event":[{"listen":"test","script":{"exec":["pm.test(\"An access token is returned\", () => {","    pm.expect(pm.response.json()).to.have.property('token')","    pm.expect(pm.response.json().token).to.be.a('string')","    // Set the collection-scope \"token\" variable to the token received from the API","    // This lets us use it in other requests","    pm.collectionVariables.set('token', pm.response.json().token)","})",""],"type":"text/javascript"}}],"id":"71dfe4f8-4be5-4c8b-baa5-ad1a9cea295b","request":{"method":"POST","header":[],"url":{"raw":"{{baseUrl}}/register","host":["{{baseUrl}}"],"path":["register"]},"description":"This returns a `token` that you can use to retrieve information later on.\n\nWe have included a test to confirm if a token is returned. We have also added test scripts to copy the token to the `token` collection variable. This makes it easy for us to reuse this token in other requests in the collection."},"response":[]},{"name":"Get name","event":[{"listen":"test","script":{"exec":["pm.test(\"A name is returned\", () => {","    pm.expect(pm.response.json()).to.have.property('name');","    pm.expect(pm.response.json().name).to.be.a('string');","})"],"type":"text/javascript"}}],"id":"9be43a24-3444-412b-ac38-d02d4818344e","protocolProfileBehavior":{"disableBodyPruning":true},"request":{"method":"GET","header":[],"body":{"mode":"raw","raw":"","options":{"raw":{"language":"json"}}},"url":{"raw":"{{baseUrl}}/my-name?token={{token}}","host":["{{baseUrl}}"],"path":["my-name"],"query":[{"key":"token","value":"{{token}}"}]},"description":"This request uses the saved `token` collection variable to access a secret 'name' stored against that token.\n\nIn this request, we used the `token` collection variable as a query param to fetch the name generated for that token. We have added a test to check that a name is correctly returned."},"response":[]},{"name":"Unregister","event":[{"listen":"test","script":{"exec":["pm.test(\"Returns 200 OK status\", () => {","    pm.response.to.have.status(200)","})"],"type":"text/javascript"}}],"id":"c7fa7743-108e-40df-8f3f-f9d23fe53832","request":{"method":"POST","header":[],"body":{"mode":"raw","raw":"{\n    \"token\": \"{{token}}\"\n}","options":{"raw":{"language":"json"}}},"url":{"raw":"{{baseUrl}}/unregister","host":["{{baseUrl}}"],"path":["unregister"]},"description":"This request un-registers a token by using the token collection variable in the POST body.\n\nWe also added a test to ensure the response has a 200 OK status code."},"response":[]}],"event":[{"listen":"prerequest","script":{"type":"text/javascript","exec":[""]}},{"listen":"test","script":{"type":"text/javascript","exec":[""]}}],"variable":[{"id":"ffebea5f-e23e-4a3f-b2c9-566289f95dbb","key":"token","value":""},{"id":"f881089b-ca67-449d-9627-c22294e87bb2","key":"baseUrl","value":"https://postman-integration-testing.glitch.me/"}]}