{"info":{"_postman_id":"11d859c7-60a1-4277-a896-5a885afe46b1","name":"Search","schema":"https://schema.getpostman.com/json/collection/v2.1.0/collection.json"},"item":[{"name":"Search","id":"42c97132-ca3c-40fe-9fa0-7609c5f6568c","protocolProfileBehavior":{"disableBodyPruning":true},"request":{"method":"GET","header":[],"url":{"raw":"{{Root URL}}/COB Processing/?ClassName=COB&filters[0].name=Status&filters[0].value=New","host":["{{Root URL}}"],"path":["COB Processing",""],"query":[{"key":"ClassName","value":"COB"},{"key":"filters[0].name","value":"Status"},{"key":"filters[0].value","value":"New"}]}},"response":[]},{"name":"HPLC Search Provider NPI","id":"bf7206a2-216c-4adf-8858-6a4de16a267f","protocolProfileBehavior":{"disableBodyPruning":true},"request":{"method":"GET","header":[],"url":{"raw":"{{Root URL}}/HPLC Managament/?ClassName=Provider&FilterName=API - Provider Details&filters[0].name=Practitioner NPI&filters[0].value=123467980","host":["{{Root URL}}"],"path":["HPLC Managament",""],"query":[{"key":"ClassName","value":"Provider"},{"key":"FilterName","value":"API - Provider Details","type":"text"},{"key":"filters[0].name","value":"Practitioner NPI"},{"key":"filters[0].value","value":"123467980"}]}},"response":[]}],"auth":{"type":"basic","basic":[{"key":"password","value":"{{API Password}}","type":"string"},{"key":"username","value":"{{API User}}","type":"string"}]},"event":[{"listen":"prerequest","script":{"id":"767fe614-b836-45bd-b49a-d4c0dc2224ee","type":"text/javascript","exec":[""]}},{"listen":"test","script":{"id":"b84dc5d8-12d3-460f-b106-2bbbd0f8769c","type":"text/javascript","exec":[""]}}],"variable":[{"id":"432c2232-53d6-4670-9a0b-dbed7728eeb7","key":"Port","value":"57439","type":"string"},{"id":"046f20a2-e74c-4858-9671-952ed0ed3510","key":"Version","value":"v5","type":"string"},{"id":"a80cd491-ea2f-4f4e-9a53-580fdd378c4e","key":"Service","value":"workview","type":"string"},{"id":"db688cc0-052d-400c-b9a3-410422be37c7","key":"Controller","value":"search","type":"string"}]}