{"info":{"_postman_id":"13a88a6a-f71a-4dd7-854c-eb75240a37cf","name":"Member-v6","schema":"https://schema.getpostman.com/json/collection/v2.1.0/collection.json"},"item":[{"name":"Basic Search Copy 2","id":"4542a6f0-cb90-4983-8b92-92076e24217c","protocolProfileBehavior":{"disableBodyPruning":true},"request":{"method":"GET","header":[],"url":{"raw":"{{Root URL}}/Search?sourceApplication=Postman Testing&userId=ACRDEVER&filters[0].Name=Provider Facing&filters[1].Name=Provider ID&filters[1].Value=123456789012&paging.pagesize=1&paging.pagenumber=34","host":["{{Root URL}}"],"path":["Search"],"query":[{"key":"sourceApplication","value":"Postman Testing"},{"key":"userId","value":"ACRDEVER"},{"key":"filters[0].Name","value":"Provider Facing"},{"key":"filters[1].Name","value":"Provider ID"},{"key":"filters[1].Value","value":"123456789012"},{"key":"paging.pagesize","value":"1"},{"key":"paging.pagenumber","value":"34"}]}},"response":[]}],"auth":{"type":"basic","basic":[{"key":"username","value":"<Basic Auth Username>","type":"string"},{"key":"password","value":"<Basic Auth Password>","type":"string"}]},"variable":[{"id":"39b9e7ec-9c4d-4a46-b24e-61e39a6c87ca","key":"baseUrl","value":"localhost:3000","type":"string"}]}