{"info":{"_postman_id":"1920ee16-6ca3-4d8b-af4f-7b266e46aa50","name":"ExportFiles1","schema":"https://schema.getpostman.com/json/collection/v2.1.0/collection.json"},"item":[{"name":"api","item":[{"name":"v1","item":[{"name":"ExportPRCEcho","item":[{"name":"/api/v1/ExportPRCEcho","id":"7ab28185-8cfa-4467-bf44-6bef8ab0f3c8","protocolProfileBehavior":{"disableBodyPruning":true},"request":{"method":"POST","header":[],"url":{"raw":"{{baseUrl}}/ExportPRCEcho?ApplicationName=Returned Checks&ClassName=ReturnedChecks&FilterName=Service - Return Checks to Complete&CorrelationGuid={{$guid}}&RequestMethod=","host":["{{baseUrl}}"],"path":["ExportPRCEcho"],"query":[{"key":"ApplicationName","value":"Returned Checks"},{"key":"ClassName","value":"ReturnedChecks"},{"key":"FilterName","value":"Service - Return Checks to Complete"},{"key":"CorrelationGuid","value":"{{$guid}}"},{"key":"Filters","value":"[object Object]","disabled":true},{"key":"Filters","value":"[object Object]","disabled":true},{"key":"Attributes","value":"<string>","disabled":true},{"key":"Attributes","value":"<string>","disabled":true},{"key":"RequestMethod","value":""}]}},"response":[{"id":"7e656126-079d-490a-af4e-6d5daaf3b976","name":"Success","originalRequest":{"method":"POST","header":[],"url":{"raw":"{{baseUrl}}/api/v1/ExportPRCEcho?ApplicationName=<string>&ClassName=<string>&FilterName=<string>&RequestMethod=<string>&CorrelationGuid=<uuid>&Filters=[object Object]&Attributes=<string>","host":["{{baseUrl}}"],"path":["api","v1","ExportPRCEcho"],"query":[{"key":"ApplicationName","value":"<string>"},{"key":"ClassName","value":"<string>"},{"key":"FilterName","value":"<string>"},{"key":"RequestMethod","value":"<string>"},{"key":"CorrelationGuid","value":"<uuid>"},{"key":"Filters","value":"[object Object]"},{"key":"Attributes","value":"<string>"}]}},"status":"OK","code":200,"_postman_previewlanguage":"text","header":[],"cookie":[],"responseTime":null,"body":""}]}],"id":"412114f1-d54f-440a-bad6-4c018e6af5f3"},{"name":"ExportRCO834","item":[{"name":"/api/v1/ExportRCO834","id":"859692bd-8438-4664-a429-d6971d29961d","protocolProfileBehavior":{"disableBodyPruning":true},"request":{"method":"POST","header":[],"url":{"raw":"{{baseUrl}}/ExportRCO834?ApplicationName=Returned Checks&ClassName=ReturnedChecks&FilterName=Service - Return Checks to Complete&RequestMethod=t&CorrelationGuid={{$guid}}","host":["{{baseUrl}}"],"path":["ExportRCO834"],"query":[{"key":"ApplicationName","value":"Returned Checks"},{"key":"ClassName","value":"ReturnedChecks"},{"key":"FilterName","value":"Service - Return Checks to Complete"},{"key":"RequestMethod","value":"t"},{"key":"CorrelationGuid","value":"{{$guid}}"},{"key":"Filters","value":"[object Object]","disabled":true},{"key":"Filters","value":"[object Object]","disabled":true},{"key":"Attributes","value":"<string>","disabled":true},{"key":"Attributes","value":"<string>","disabled":true}]}},"response":[{"id":"beb0c38a-8dc7-46a1-bb5d-252757c7bd62","name":"Success","originalRequest":{"method":"POST","header":[],"url":{"raw":"{{baseUrl}}/api/v1/ExportRCO834?ApplicationName=<string>&ClassName=<string>&FilterName=<string>&RequestMethod=<string>&CorrelationGuid=<uuid>&Filters=[object Object]&Attributes=<string>","host":["{{baseUrl}}"],"path":["api","v1","ExportRCO834"],"query":[{"key":"ApplicationName","value":"<string>"},{"key":"ClassName","value":"<string>"},{"key":"FilterName","value":"<string>"},{"key":"RequestMethod","value":"<string>"},{"key":"CorrelationGuid","value":"<uuid>"},{"key":"Filters","value":"[object Object]"},{"key":"Attributes","value":"<string>"}]}},"status":"OK","code":200,"_postman_previewlanguage":"text","header":[],"cookie":[],"responseTime":null,"body":""}]}],"id":"626b3547-b954-45df-ae77-eb257e7d1856"},{"name":"ExportRCOCST","item":[{"name":"/api/v1/ExportRCOCST","id":"0b62f8ed-3ef2-4c40-ac51-d68a08091f41","protocolProfileBehavior":{"disableBodyPruning":true},"request":{"method":"POST","header":[],"url":{"raw":"{{baseUrl}}/api/v1/ExportRCOCST?ApplicationName=<string>&ClassName=<string>&FilterName=<string>&RequestMethod=<string>&CorrelationGuid=<uuid>&Filters=[object Object]&Filters=[object Object]&Attributes=<string>&Attributes=<string>","host":["{{baseUrl}}"],"path":["api","v1","ExportRCOCST"],"query":[{"key":"ApplicationName","value":"<string>"},{"key":"ClassName","value":"<string>"},{"key":"FilterName","value":"<string>"},{"key":"RequestMethod","value":"<string>"},{"key":"CorrelationGuid","value":"<uuid>"},{"key":"Filters","value":"[object Object]"},{"key":"Filters","value":"[object Object]"},{"key":"Attributes","value":"<string>"},{"key":"Attributes","value":"<string>"}]}},"response":[{"id":"3a00e181-1425-4ed2-9c99-22d193e61fa2","name":"Success","originalRequest":{"method":"POST","header":[],"url":{"raw":"{{baseUrl}}/api/v1/ExportRCOCST?ApplicationName=<string>&ClassName=<string>&FilterName=<string>&RequestMethod=<string>&CorrelationGuid=<uuid>&Filters=[object Object]&Attributes=<string>","host":["{{baseUrl}}"],"path":["api","v1","ExportRCOCST"],"query":[{"key":"ApplicationName","value":"<string>"},{"key":"ClassName","value":"<string>"},{"key":"FilterName","value":"<string>"},{"key":"RequestMethod","value":"<string>"},{"key":"CorrelationGuid","value":"<uuid>"},{"key":"Filters","value":"[object Object]"},{"key":"Attributes","value":"<string>"}]}},"status":"OK","code":200,"_postman_previewlanguage":"text","header":[],"cookie":[],"responseTime":null,"body":""}]}],"id":"2ad835a7-ba83-4f9d-b7bb-b9217089ae88"},{"name":"ExportRCClaims","item":[{"name":"/api/v1/ExportRCClaims","id":"5419eb8e-0472-47e8-bde7-8982bd6f05ea","protocolProfileBehavior":{"disableBodyPruning":true},"request":{"method":"POST","header":[],"url":{"raw":"{{baseUrl}}/ExportRCClaims?ApplicationName=Returned Checks&ClassName=ReturnedChecks&FilterName=Service - Return Checks to Complete&RequestMethod=AH&CorrelationGuid={{$guid}}","host":["{{baseUrl}}"],"path":["ExportRCClaims"],"query":[{"key":"ApplicationName","value":"Returned Checks"},{"key":"ClassName","value":"ReturnedChecks"},{"key":"FilterName","value":"Service - Return Checks to Complete"},{"key":"RequestMethod","value":"AH"},{"key":"CorrelationGuid","value":"{{$guid}}"},{"key":"Filters","value":"[object Object]","disabled":true},{"key":"Filters","value":"[object Object]","disabled":true},{"key":"Attributes","value":"<string>","disabled":true},{"key":"Attributes","value":"<string>","disabled":true}]}},"response":[{"id":"886c0ad1-909a-41b5-a030-8eab9a497804","name":"Success","originalRequest":{"method":"POST","header":[],"url":{"raw":"{{baseUrl}}/api/v1/ExportRCClaims?ApplicationName=<string>&ClassName=<string>&FilterName=<string>&RequestMethod=<string>&CorrelationGuid=<uuid>&Filters=[object Object]&Attributes=<string>","host":["{{baseUrl}}"],"path":["api","v1","ExportRCClaims"],"query":[{"key":"ApplicationName","value":"<string>"},{"key":"ClassName","value":"<string>"},{"key":"FilterName","value":"<string>"},{"key":"RequestMethod","value":"<string>"},{"key":"CorrelationGuid","value":"<uuid>"},{"key":"Filters","value":"[object Object]"},{"key":"Attributes","value":"<string>"}]}},"status":"OK","code":200,"_postman_previewlanguage":"text","header":[],"cookie":[],"responseTime":null,"body":""}]}],"id":"e0730468-3310-468b-96be-2d5d32006e15"},{"name":"ExportRCFinanceEchoHealth","item":[{"name":"/api/v1/ExportRCFinanceEchoHealth","id":"6aa7254d-0d0b-43cd-ad6c-2cfaac66a2fc","protocolProfileBehavior":{"disableBodyPruning":true},"request":{"method":"POST","header":[],"url":{"raw":"{{baseUrl}}/api/v1/ExportRCFinanceEchoHealth?ApplicationName=<string>&ClassName=<string>&FilterName=<string>&RequestMethod=<string>&CorrelationGuid=<uuid>&Filters=[object Object]&Filters=[object Object]&Attributes=<string>&Attributes=<string>","host":["{{baseUrl}}"],"path":["api","v1","ExportRCFinanceEchoHealth"],"query":[{"key":"ApplicationName","value":"<string>"},{"key":"ClassName","value":"<string>"},{"key":"FilterName","value":"<string>"},{"key":"RequestMethod","value":"<string>"},{"key":"CorrelationGuid","value":"<uuid>"},{"key":"Filters","value":"[object Object]"},{"key":"Filters","value":"[object Object]"},{"key":"Attributes","value":"<string>"},{"key":"Attributes","value":"<string>"}]}},"response":[{"id":"bc1a3527-45b3-4649-88c1-2081f0cc61bd","name":"Success","originalRequest":{"method":"POST","header":[],"url":{"raw":"{{baseUrl}}/api/v1/ExportRCFinanceEchoHealth?ApplicationName=<string>&ClassName=<string>&FilterName=<string>&RequestMethod=<string>&CorrelationGuid=<uuid>&Filters=[object Object]&Attributes=<string>","host":["{{baseUrl}}"],"path":["api","v1","ExportRCFinanceEchoHealth"],"query":[{"key":"ApplicationName","value":"<string>"},{"key":"ClassName","value":"<string>"},{"key":"FilterName","value":"<string>"},{"key":"RequestMethod","value":"<string>"},{"key":"CorrelationGuid","value":"<uuid>"},{"key":"Filters","value":"[object Object]"},{"key":"Attributes","value":"<string>"}]}},"status":"OK","code":200,"_postman_previewlanguage":"text","header":[],"cookie":[],"responseTime":null,"body":""}]}],"id":"7ceb9eab-957f-4050-a9a9-84626b516fae"},{"name":"ExportRCFinanceInstaMed","item":[{"name":"/api/v1/ExportRCFinanceInstaMed","id":"ca3f6ee7-703e-4ade-a392-8f09cad6dce2","protocolProfileBehavior":{"disableBodyPruning":true},"request":{"method":"POST","header":[],"url":{"raw":"{{baseUrl}}/api/v1/ExportRCFinanceInstaMed?ApplicationName=<string>&ClassName=<string>&FilterName=<string>&RequestMethod=<string>&CorrelationGuid=<uuid>&Filters=[object Object]&Filters=[object Object]&Attributes=<string>&Attributes=<string>","host":["{{baseUrl}}"],"path":["api","v1","ExportRCFinanceInstaMed"],"query":[{"key":"ApplicationName","value":"<string>"},{"key":"ClassName","value":"<string>"},{"key":"FilterName","value":"<string>"},{"key":"RequestMethod","value":"<string>"},{"key":"CorrelationGuid","value":"<uuid>"},{"key":"Filters","value":"[object Object]"},{"key":"Filters","value":"[object Object]"},{"key":"Attributes","value":"<string>"},{"key":"Attributes","value":"<string>"}]}},"response":[{"id":"0ae39425-1a1a-4509-aff0-14ae90a803a7","name":"Success","originalRequest":{"method":"POST","header":[],"url":{"raw":"{{baseUrl}}/api/v1/ExportRCFinanceInstaMed?ApplicationName=<string>&ClassName=<string>&FilterName=<string>&RequestMethod=<string>&CorrelationGuid=<uuid>&Filters=[object Object]&Attributes=<string>","host":["{{baseUrl}}"],"path":["api","v1","ExportRCFinanceInstaMed"],"query":[{"key":"ApplicationName","value":"<string>"},{"key":"ClassName","value":"<string>"},{"key":"FilterName","value":"<string>"},{"key":"RequestMethod","value":"<string>"},{"key":"CorrelationGuid","value":"<uuid>"},{"key":"Filters","value":"[object Object]"},{"key":"Attributes","value":"<string>"}]}},"status":"OK","code":200,"_postman_previewlanguage":"text","header":[],"cookie":[],"responseTime":null,"body":""}]}],"id":"49462c10-4265-464a-8dd5-de6720b4f55b"}],"id":"3553fea6-d2ff-4231-b433-0899fb63cc43"}],"id":"2a8f2e3e-5a9d-4e5f-9c55-41285c2906ee"},{"name":"https://daycrtonapi02/workview/api/v2/Search?ApplicationName=Returned+Checks&Attributes[0]=RelatedTaxID.TaxID&Attributes[1]=RelatedCase.ProviderName&Attributes[2]=RelatedCase.Address&Attributes[3]=RelatedCase.City&Attributes[4]=RelatedCase.State&Attribute","id":"5f294c7d-5c15-40f6-99d3-57d4fd2702e1","protocolProfileBehavior":{"disableBodyPruning":true},"request":{"auth":{"type":"basic","basic":[{"key":"password","value":"{{API Password}}","type":"string"},{"key":"username","value":"{{API User}}","type":"string"}]},"method":"GET","header":[],"url":{"raw":"https://dayCRTonapi02/workview/api/v2/search?ApplicationName=Returned+Checks&ClassName=ReturnedChecks&FilterName=Service+-+Return+Checks+to+Complete&&CorrelationGuid=1c07c6b4-108c-4ece-91f2-456a11e7ce48","protocol":"https","host":["dayCRTonapi02"],"path":["workview","api","v2","search"],"query":[{"key":"ApplicationName","value":"Returned+Checks"},{"key":"ClassName","value":"ReturnedChecks"},{"key":"FilterName","value":"Service+-+Return+Checks+to+Complete"},{"key":null,"value":null},{"key":"Attributes[0]","value":"LinkToRCOAdminConsole.MCENumber","disabled":true},{"key":"Attributes[1]","value":"MedicaidIDRID","disabled":true},{"key":"Attributes[2]","value":"Action","disabled":true},{"key":"Attributes[3]","value":"Typeof834","disabled":true},{"key":"Attributes[4]","value":"EffectiveDate","disabled":true},{"key":"CorrelationGuid","value":"1c07c6b4-108c-4ece-91f2-456a11e7ce48"},{"key":"RequestMethod","value":"t","disabled":true}]}},"response":[]},{"name":"{{baseURL}}/api/v2/Search?ApplicationName=Returned+Checks&Attributes[0]=RelatedTaxID.TaxID&Attributes[1]=RelatedCase.ProviderName&Attributes[2]=RelatedCase.Address&Attributes[3]=RelatedCase.City&Attributes[4]=RelatedCase.State&Attributes[5]=RelatedCase.ZI","id":"17690383-1484-43c1-bd31-62f5dd6eba76","protocolProfileBehavior":{"disableBodyPruning":true},"request":{"auth":{"type":"basic","basic":[{"key":"password","value":"{{API Password}}","type":"string"},{"key":"username","value":"{{API User}}","type":"string"}]},"method":"GET","header":[],"url":{"raw":"{{baseUrl}}/api/v2/Search?ApplicationName=Returned+Checks&Attributes[0]=RelatedTaxID.TaxID&Attributes[1]=RelatedCase.ProviderName&Attributes[2]=RelatedCase.Address&Attributes[3]=RelatedCase.City&Attributes[4]=RelatedCase.State&Attributes[5]=RelatedCase.ZIP&Attributes[6]=AmountRefunded.ClaimAmount&Attributes[7]=objectid&Attributes[8]=RefundReason.RefundReason&Attributes[9]=RefundReasonNotes&Attributes[10]=LOB.CompanyCode&Attributes[11]=ClaimNumber&ClassName=ReturnedChecks&CorrelationGuid=a36b9509-0548-4fbe-9c51-11a87cf80c83&FilterName=Service+-+Return+Checks+to+Complete&&RequestMethod=t{","host":["{{baseUrl}}"],"path":["api","v2","Search"],"query":[{"key":"ApplicationName","value":"Returned+Checks"},{"key":"Attributes[0]","value":"RelatedTaxID.TaxID"},{"key":"Attributes[1]","value":"RelatedCase.ProviderName"},{"key":"Attributes[2]","value":"RelatedCase.Address"},{"key":"Attributes[3]","value":"RelatedCase.City"},{"key":"Attributes[4]","value":"RelatedCase.State"},{"key":"Attributes[5]","value":"RelatedCase.ZIP"},{"key":"Attributes[6]","value":"AmountRefunded.ClaimAmount"},{"key":"Attributes[7]","value":"objectid"},{"key":"Attributes[8]","value":"RefundReason.RefundReason"},{"key":"Attributes[9]","value":"RefundReasonNotes"},{"key":"Attributes[10]","value":"LOB.CompanyCode"},{"key":"Attributes[11]","value":"ClaimNumber"},{"key":"ClassName","value":"ReturnedChecks"},{"key":"CorrelationGuid","value":"a36b9509-0548-4fbe-9c51-11a87cf80c83"},{"key":"FilterName","value":"Service+-+Return+Checks+to+Complete"},{"key":null,"value":null},{"key":"RequestMethod","value":"t{"}]}},"response":[]}],"auth":{"type":"basic","basic":[{"key":"password","value":"{{API Password}}","type":"string"},{"key":"username","value":"{{API User}}","type":"string"}]},"event":[{"listen":"prerequest","script":{"id":"c739c9f2-dd0d-40c1-87ff-706f84abe14a","type":"text/javascript","exec":[""]}},{"listen":"test","script":{"id":"b01cfc48-0c2f-4a82-811d-d9a246f93ddb","type":"text/javascript","exec":[""]}}]}