{"info":{"_postman_id":"1b785ba2-91d5-431b-ad97-77493f26e466","name":"W&C.Services.OnBase API V1","schema":"https://schema.getpostman.com/json/collection/v2.1.0/collection.json"},"item":[{"name":"api/v1","item":[{"name":"documenttypes","item":[{"name":"Document Types List Document Types","id":"13aea319-5662-4ad2-a080-03069e31c05e","protocolProfileBehavior":{"disableBodyPruning":true},"request":{"method":"GET","header":[{"key":"Accept","value":"application/json"}],"url":{"raw":"{{baseUrl}}/api/v1/documenttypes? correlationGuid=<uuid>& requestDateTime=<dateTime>& sourceApplication=<string>& userId=<string>","host":["{{baseUrl}}"],"path":["api","v1","documenttypes"],"query":[{"key":"request.correlationGuid","value":"<uuid>"},{"key":"request.requestDateTime","value":"<dateTime>"},{"key":"request.sourceApplication","value":"<string>","description":"(Required) "},{"key":"request.userId","value":"<string>","description":"(Required) "}]}},"response":[{"id":"298d600d-392d-4309-adb0-80b2f28da06a","name":"OK","originalRequest":{"method":"GET","header":[{"description":"(Required) access token","key":"Authorization","value":"Basic dXNlcm5hbWU6cGFzc3dvcmQ="}],"url":{"raw":"{{baseUrl}}/api/v1/documenttypes? correlationGuid=<uuid>& requestDateTime=<dateTime>& sourceApplication=<string>& userId=<string>","host":["{{baseUrl}}"],"path":["api","v1","documenttypes"],"query":[{"key":" correlationGuid","value":"<uuid>"},{"key":" requestDateTime","value":"<dateTime>"},{"key":" sourceApplication","value":"<string>"},{"key":" userId","value":"<string>"}]}},"status":"OK","code":200,"_postman_previewlanguage":"json","header":[{"key":"Content-Type","value":"application/json"}],"cookie":[],"responseTime":null,"body":"\"<object>\""}]},{"name":"Document Types List Document Type Groups","id":"fd7b1c6c-fd55-4713-a72d-1516b264ebd5","protocolProfileBehavior":{"disableBodyPruning":true},"request":{"method":"GET","header":[{"key":"Accept","value":"application/json"}],"url":{"raw":"{{baseUrl}}/api/v1/documenttypes/groups? correlationGuid=<uuid>& requestDateTime=<dateTime>& sourceApplication=<string>& userId=<string>","host":["{{baseUrl}}"],"path":["api","v1","documenttypes","groups"],"query":[{"key":"request.correlationGuid","value":"<uuid>"},{"key":"request.requestDateTime","value":"<dateTime>"},{"key":"request.sourceApplication","value":"<string>","description":"(Required) "},{"key":"request.userId","value":"<string>","description":"(Required) "}]}},"response":[{"id":"eee6b7cc-29fd-4464-b439-65b3144a3515","name":"OK","originalRequest":{"method":"GET","header":[{"description":"(Required) access token","key":"Authorization","value":"Basic dXNlcm5hbWU6cGFzc3dvcmQ="}],"url":{"raw":"{{baseUrl}}/api/v1/documenttypes/groups? correlationGuid=<uuid>& requestDateTime=<dateTime>& sourceApplication=<string>& userId=<string>","host":["{{baseUrl}}"],"path":["api","v1","documenttypes","groups"],"query":[{"key":" correlationGuid","value":"<uuid>"},{"key":" requestDateTime","value":"<dateTime>"},{"key":" sourceApplication","value":"<string>"},{"key":" userId","value":"<string>"}]}},"status":"OK","code":200,"_postman_previewlanguage":"json","header":[{"key":"Content-Type","value":"application/json"}],"cookie":[],"responseTime":null,"body":"{\n  \"title\": \"<string>\",\n  \"status\": \"<integer>\",\n  \"result\": [\n    {\n      \"DocumentTypes\": [\n        {\n          \"Keywords\": [\n            {\n              \"value\": \"<Error: Too many levels of nesting to fake this schema>\"\n            },\n            {\n              \"value\": \"<Error: Too many levels of nesting to fake this schema>\"\n            }\n          ],\n          \"Id\": \"<long>\",\n          \"Name\": \"<string>\"\n        },\n        {\n          \"Keywords\": [\n            {\n              \"value\": \"<Error: Too many levels of nesting to fake this schema>\"\n            },\n            {\n              \"value\": \"<Error: Too many levels of nesting to fake this schema>\"\n            }\n          ],\n          \"Id\": \"<long>\",\n          \"Name\": \"<string>\"\n        }\n      ],\n      \"Id\": \"<long>\",\n      \"Name\": \"<string>\"\n    },\n    {\n      \"DocumentTypes\": [\n        {\n          \"Keywords\": [\n            {\n              \"value\": \"<Error: Too many levels of nesting to fake this schema>\"\n            },\n            {\n              \"value\": \"<Error: Too many levels of nesting to fake this schema>\"\n            }\n          ],\n          \"Id\": \"<long>\",\n          \"Name\": \"<string>\"\n        },\n        {\n          \"Keywords\": [\n            {\n              \"value\": \"<Error: Too many levels of nesting to fake this schema>\"\n            },\n            {\n              \"value\": \"<Error: Too many levels of nesting to fake this schema>\"\n            }\n          ],\n          \"Id\": \"<long>\",\n          \"Name\": \"<string>\"\n        }\n      ],\n      \"Id\": \"<long>\",\n      \"Name\": \"<string>\"\n    }\n  ],\n  \"correlationGuid\": \"<uuid>\"\n}"},{"id":"d209cca2-452c-44b5-bfd3-5e54171bba99","name":"There is an issue that did not pass validation","originalRequest":{"method":"GET","header":[{"description":"(Required) access token","key":"Authorization","value":"Basic dXNlcm5hbWU6cGFzc3dvcmQ="}],"url":{"raw":"{{baseUrl}}/api/v1/documenttypes/groups? correlationGuid=<uuid>& requestDateTime=<dateTime>& sourceApplication=<string>& userId=<string>","host":["{{baseUrl}}"],"path":["api","v1","documenttypes","groups"],"query":[{"key":" correlationGuid","value":"<uuid>"},{"key":" requestDateTime","value":"<dateTime>"},{"key":" sourceApplication","value":"<string>"},{"key":" userId","value":"<string>"}]}},"status":"Bad Request","code":400,"_postman_previewlanguage":"json","header":[{"key":"Content-Type","value":"application/json"}],"cookie":[],"responseTime":null,"body":"{\n  \"errors\": [\n    {\n      \"id\": \"<string>\",\n      \"messages\": [\n        \"<string>\",\n        \"<string>\"\n      ]\n    },\n    {\n      \"id\": \"<string>\",\n      \"messages\": [\n        \"<string>\",\n        \"<string>\"\n      ]\n    }\n  ],\n  \"title\": \"<string>\",\n  \"status\": \"<integer>\",\n  \"result\": {\n    \"fugiat_\": {\n      \"_errors\": [\n        {\n          \"<Exception>k__BackingField\": \"<object>\",\n          \"<ErrorMessage>k__BackingField\": \"<string>\"\n        },\n        {\n          \"<Exception>k__BackingField\": \"<object>\",\n          \"<ErrorMessage>k__BackingField\": \"<string>\"\n        }\n      ],\n      \"<Value>k__BackingField\": {\n        \"_instanceCulture\": \"<string>\",\n        \"<AttemptedValue>k__BackingField\": \"<string>\",\n        \"<RawValue>k__BackingField\": \"<object>\"\n      }\n    }\n  },\n  \"correlationGuid\": \"<uuid>\"\n}"},{"id":"439a064b-a2f2-46b2-91f2-c207f76b3280","name":"Any unhandled exception.","originalRequest":{"method":"GET","header":[{"description":"(Required) access token","key":"Authorization","value":"Basic dXNlcm5hbWU6cGFzc3dvcmQ="}],"url":{"raw":"{{baseUrl}}/api/v1/documenttypes/groups? correlationGuid=<uuid>& requestDateTime=<dateTime>& sourceApplication=<string>& userId=<string>","host":["{{baseUrl}}"],"path":["api","v1","documenttypes","groups"],"query":[{"key":" correlationGuid","value":"<uuid>"},{"key":" requestDateTime","value":"<dateTime>"},{"key":" sourceApplication","value":"<string>"},{"key":" userId","value":"<string>"}]}},"status":"Internal Server Error","code":500,"_postman_previewlanguage":"json","header":[{"key":"Content-Type","value":"application/json"}],"cookie":[],"responseTime":null,"body":"{\n  \"title\": \"<string>\",\n  \"status\": \"<integer>\",\n  \"result\": \"<string>\",\n  \"correlationGuid\": \"<uuid>\"\n}"}]},{"name":"Document Types Get Document Type","id":"eebb9d16-4203-444f-9048-40d49c8f6d64","protocolProfileBehavior":{"disableBodyPruning":true},"request":{"method":"GET","header":[{"key":"Accept","value":"application/json"}],"url":{"raw":"{{baseUrl}}/api/v1/documenttypes/:documentTypeId? correlationGuid=<uuid>& requestDateTime=<dateTime>& sourceApplication=<string>& userId=<string>","host":["{{baseUrl}}"],"path":["api","v1","documenttypes",":documentTypeId"],"query":[{"key":"request.correlationGuid","value":"<uuid>"},{"key":"request.requestDateTime","value":"<dateTime>"},{"key":"request.sourceApplication","value":"<string>","description":"(Required) "},{"key":"request.userId","value":"<string>","description":"(Required) "}],"variable":[{"id":"86ba1610-3140-40c9-91ba-a4117d377fb9","key":"documentTypeId","value":"<long>","description":"(Required) "}]}},"response":[{"id":"aa7e5fb4-f12b-4214-9484-720c409ab42a","name":"OK","originalRequest":{"method":"GET","header":[{"description":"(Required) access token","key":"Authorization","value":"Basic dXNlcm5hbWU6cGFzc3dvcmQ="}],"url":{"raw":"{{baseUrl}}/api/v1/documenttypes/:documentTypeId? correlationGuid=<uuid>& requestDateTime=<dateTime>& sourceApplication=<string>& userId=<string>","host":["{{baseUrl}}"],"path":["api","v1","documenttypes",":documentTypeId"],"query":[{"key":" correlationGuid","value":"<uuid>"},{"key":" requestDateTime","value":"<dateTime>"},{"key":" sourceApplication","value":"<string>"},{"key":" userId","value":"<string>"}],"variable":[{"key":"documentTypeId","value":"<long>","description":"(Required) "}]}},"status":"OK","code":200,"_postman_previewlanguage":"json","header":[{"key":"Content-Type","value":"application/json"}],"cookie":[],"responseTime":null,"body":"\"<object>\""}]},{"name":"Document Types Search By Keyword","id":"3bec110b-ded1-46e3-9366-66a1d36c49af","protocolProfileBehavior":{"disableBodyPruning":true},"request":{"method":"GET","header":[{"key":"Accept","value":"application/json"}],"url":{"raw":"{{baseUrl}}/api/v1/documenttypes/search/:keywordName? correlationGuid=<uuid>& requestDateTime=<dateTime>& sourceApplication=<string>& userId=<string>","host":["{{baseUrl}}"],"path":["api","v1","documenttypes","search",":keywordName"],"query":[{"key":"request.correlationGuid","value":"<uuid>"},{"key":"request.requestDateTime","value":"<dateTime>"},{"key":"request.sourceApplication","value":"<string>","description":"(Required) "},{"key":"request.userId","value":"<string>","description":"(Required) "}],"variable":[{"id":"a31a7f73-9ce5-4729-ae3e-48696d949134","key":"keywordName","value":"<string>","description":"(Required) "}]}},"response":[{"id":"f109eaaf-84c1-46c3-ab74-099da2284a4c","name":"OK","originalRequest":{"method":"GET","header":[{"description":"(Required) access token","key":"Authorization","value":"Basic dXNlcm5hbWU6cGFzc3dvcmQ="}],"url":{"raw":"{{baseUrl}}/api/v1/documenttypes/search/:keywordName? correlationGuid=<uuid>& requestDateTime=<dateTime>& sourceApplication=<string>& userId=<string>","host":["{{baseUrl}}"],"path":["api","v1","documenttypes","search",":keywordName"],"query":[{"key":" correlationGuid","value":"<uuid>"},{"key":" requestDateTime","value":"<dateTime>"},{"key":" sourceApplication","value":"<string>"},{"key":" userId","value":"<string>"}],"variable":[{"key":"keywordName","value":"<string>","description":"(Required) "}]}},"status":"OK","code":200,"_postman_previewlanguage":"json","header":[{"key":"Content-Type","value":"application/json"}],"cookie":[],"responseTime":null,"body":"\"<object>\""}]},{"name":"Document Types List Document Types","id":"021dd8cc-e61c-40cb-976d-52670fd0a7df","protocolProfileBehavior":{"disableBodyPruning":true},"request":{"method":"GET","header":[{"key":"Accept","value":"application/json"}],"url":{"raw":"{{baseUrl}}/api/v1/documenttypes/group/:documentTypeGroupId? correlationGuid=<uuid>& requestDateTime=<dateTime>& sourceApplication=<string>& userId=<string>","host":["{{baseUrl}}"],"path":["api","v1","documenttypes","group",":documentTypeGroupId"],"query":[{"key":"request.correlationGuid","value":"<uuid>"},{"key":"request.requestDateTime","value":"<dateTime>"},{"key":"request.sourceApplication","value":"<string>","description":"(Required) "},{"key":"request.userId","value":"<string>","description":"(Required) "}],"variable":[{"id":"a086d905-4bb7-40e4-b46d-ab5c497bf6f7","key":"documentTypeGroupId","value":"<long>","description":"(Required) "}]}},"response":[{"id":"b83ecd4f-625c-4d18-940a-0afd96b33208","name":"OK","originalRequest":{"method":"GET","header":[{"description":"(Required) access token","key":"Authorization","value":"Basic dXNlcm5hbWU6cGFzc3dvcmQ="}],"url":{"raw":"{{baseUrl}}/api/v1/documenttypes/group/:documentTypeGroupId? correlationGuid=<uuid>& requestDateTime=<dateTime>& sourceApplication=<string>& userId=<string>","host":["{{baseUrl}}"],"path":["api","v1","documenttypes","group",":documentTypeGroupId"],"query":[{"key":" correlationGuid","value":"<uuid>"},{"key":" requestDateTime","value":"<dateTime>"},{"key":" sourceApplication","value":"<string>"},{"key":" userId","value":"<string>"}],"variable":[{"key":"documentTypeGroupId","value":"<long>","description":"(Required) "}]}},"status":"OK","code":200,"_postman_previewlanguage":"json","header":[{"key":"Content-Type","value":"application/json"}],"cookie":[],"responseTime":null,"body":"\"<object>\""}]}],"id":"f27f1ff4-e8e8-4b3d-a739-d080b903cd8b"},{"name":"keywords","item":[{"name":"Keywords Keywords","id":"11dfac1f-e73a-4fd7-a28c-c7edee726ed0","protocolProfileBehavior":{"disableBodyPruning":true},"request":{"method":"GET","header":[{"key":"Accept","value":"application/json"}],"url":{"raw":"{{baseUrl}}/api/v1/keywords? correlationGuid=<uuid>& requestDateTime=<dateTime>& sourceApplication=<string>& userId=<string>","host":["{{baseUrl}}"],"path":["api","v1","keywords"],"query":[{"key":"request.correlationGuid","value":"<uuid>"},{"key":"request.requestDateTime","value":"<dateTime>"},{"key":"request.sourceApplication","value":"<string>","description":"(Required) "},{"key":"request.userId","value":"<string>","description":"(Required) "}]}},"response":[{"id":"d4122ff9-eeb9-4bbe-8ac7-f160083a14ff","name":"OK","originalRequest":{"method":"GET","header":[{"description":"(Required) access token","key":"Authorization","value":"Basic dXNlcm5hbWU6cGFzc3dvcmQ="}],"url":{"raw":"{{baseUrl}}/api/v1/keywords? correlationGuid=<uuid>& requestDateTime=<dateTime>& sourceApplication=<string>& userId=<string>","host":["{{baseUrl}}"],"path":["api","v1","keywords"],"query":[{"key":" correlationGuid","value":"<uuid>"},{"key":" requestDateTime","value":"<dateTime>"},{"key":" sourceApplication","value":"<string>"},{"key":" userId","value":"<string>"}]}},"status":"OK","code":200,"_postman_previewlanguage":"json","header":[{"key":"Content-Type","value":"application/json"}],"cookie":[],"responseTime":null,"body":"\"<object>\""}]},{"name":"Keywords List Keywords","id":"6f1ab9c1-d604-4736-9942-ab4754485929","protocolProfileBehavior":{"disableBodyPruning":true},"request":{"method":"GET","header":[{"key":"Accept","value":"application/json"}],"url":{"raw":"{{baseUrl}}/api/v1/keywords/groups? correlationGuid=<uuid>& requestDateTime=<dateTime>& sourceApplication=<string>& userId=<string>","host":["{{baseUrl}}"],"path":["api","v1","keywords","groups"],"query":[{"key":"request.correlationGuid","value":"<uuid>"},{"key":"request.requestDateTime","value":"<dateTime>"},{"key":"request.sourceApplication","value":"<string>","description":"(Required) "},{"key":"request.userId","value":"<string>","description":"(Required) "}]}},"response":[{"id":"6f635982-cefe-4316-aa32-39c9929bf693","name":"OK","originalRequest":{"method":"GET","header":[{"description":"(Required) access token","key":"Authorization","value":"Basic dXNlcm5hbWU6cGFzc3dvcmQ="}],"url":{"raw":"{{baseUrl}}/api/v1/keywords/groups? correlationGuid=<uuid>& requestDateTime=<dateTime>& sourceApplication=<string>& userId=<string>","host":["{{baseUrl}}"],"path":["api","v1","keywords","groups"],"query":[{"key":" correlationGuid","value":"<uuid>"},{"key":" requestDateTime","value":"<dateTime>"},{"key":" sourceApplication","value":"<string>"},{"key":" userId","value":"<string>"}]}},"status":"OK","code":200,"_postman_previewlanguage":"json","header":[{"key":"Content-Type","value":"application/json"}],"cookie":[],"responseTime":null,"body":"\"<object>\""}]},{"name":"Keywords List Keywords By Document Type Id","id":"fd1702bc-4bb4-42e9-a554-fe7f776a35ed","protocolProfileBehavior":{"disableBodyPruning":true},"request":{"method":"GET","header":[{"key":"Accept","value":"application/json"}],"url":{"raw":"{{baseUrl}}/api/v1/keywords/:documentTypeId? correlationGuid=<uuid>& requestDateTime=<dateTime>& sourceApplication=<string>& userId=<string>","host":["{{baseUrl}}"],"path":["api","v1","keywords",":documentTypeId"],"query":[{"key":"request.correlationGuid","value":"<uuid>"},{"key":"request.requestDateTime","value":"<dateTime>"},{"key":"request.sourceApplication","value":"<string>","description":"(Required) "},{"key":"request.userId","value":"<string>","description":"(Required) "}],"variable":[{"id":"01bd3314-28a0-4c30-b6d7-a32ebb27d817","key":"documentTypeId","value":"<long>","description":"(Required) "}]}},"response":[{"id":"0d7290fa-8253-4b06-af3f-24302f70923c","name":"OK","originalRequest":{"method":"GET","header":[{"description":"(Required) access token","key":"Authorization","value":"Basic dXNlcm5hbWU6cGFzc3dvcmQ="}],"url":{"raw":"{{baseUrl}}/api/v1/keywords/:documentTypeId? correlationGuid=<uuid>& requestDateTime=<dateTime>& sourceApplication=<string>& userId=<string>","host":["{{baseUrl}}"],"path":["api","v1","keywords",":documentTypeId"],"query":[{"key":" correlationGuid","value":"<uuid>"},{"key":" requestDateTime","value":"<dateTime>"},{"key":" sourceApplication","value":"<string>"},{"key":" userId","value":"<string>"}],"variable":[{"key":"documentTypeId","value":"<long>","description":"(Required) "}]}},"status":"OK","code":200,"_postman_previewlanguage":"json","header":[{"key":"Content-Type","value":"application/json"}],"cookie":[],"responseTime":null,"body":"\"<object>\""}]}],"id":"9fc91d98-6c98-4cbd-ab7b-b09b5cae4549"},{"name":"workview/applications","item":[{"name":"Work View List Applications","id":"4d8075e8-2da3-4812-af2c-e9b68f6f4f18","protocolProfileBehavior":{"disableBodyPruning":true},"request":{"method":"GET","header":[{"key":"Accept","value":"application/json"}],"url":{"raw":"{{baseUrl}}/api/v1/workview/applications? correlationGuid=<uuid>& requestDateTime=<dateTime>& sourceApplication=<string>& userId=<string>","host":["{{baseUrl}}"],"path":["api","v1","workview","applications"],"query":[{"key":"request.correlationGuid","value":"<uuid>"},{"key":"request.requestDateTime","value":"<dateTime>"},{"key":"request.sourceApplication","value":"<string>","description":"(Required) "},{"key":"request.userId","value":"<string>","description":"(Required) "}]}},"response":[{"id":"52596a1b-2b51-43a3-8692-f61a6419b6e7","name":"OK","originalRequest":{"method":"GET","header":[{"description":"(Required) access token","key":"Authorization","value":"Basic dXNlcm5hbWU6cGFzc3dvcmQ="}],"url":{"raw":"{{baseUrl}}/api/v1/workview/applications? correlationGuid=<uuid>& requestDateTime=<dateTime>& sourceApplication=<string>& userId=<string>","host":["{{baseUrl}}"],"path":["api","v1","workview","applications"],"query":[{"key":" correlationGuid","value":"<uuid>"},{"key":" requestDateTime","value":"<dateTime>"},{"key":" sourceApplication","value":"<string>"},{"key":" userId","value":"<string>"}]}},"status":"OK","code":200,"_postman_previewlanguage":"json","header":[{"key":"Content-Type","value":"application/json"}],"cookie":[],"responseTime":null,"body":"\"<object>\""}]},{"name":"Work View Get Application By Id","id":"09210e93-748c-42fc-9954-1b68d2033e9e","protocolProfileBehavior":{"disableBodyPruning":true},"request":{"method":"GET","header":[{"key":"Accept","value":"application/json"}],"url":{"raw":"{{baseUrl}}/api/v1/workview/applications/Id/:applicationId? correlationGuid=<uuid>& requestDateTime=<dateTime>& sourceApplication=<string>& userId=<string>","host":["{{baseUrl}}"],"path":["api","v1","workview","applications","Id",":applicationId"],"query":[{"key":"request.correlationGuid","value":"<uuid>"},{"key":"request.requestDateTime","value":"<dateTime>"},{"key":"request.sourceApplication","value":"<string>","description":"(Required) "},{"key":"request.userId","value":"<string>","description":"(Required) "}],"variable":[{"id":"6f4879de-a489-4066-a8d4-54ed8b6f85e7","key":"applicationId","value":"<long>","description":"(Required) "}]}},"response":[{"id":"6313a949-e62a-41e5-ac2e-2572e6ba737b","name":"OK","originalRequest":{"method":"GET","header":[{"description":"(Required) access token","key":"Authorization","value":"Basic dXNlcm5hbWU6cGFzc3dvcmQ="}],"url":{"raw":"{{baseUrl}}/api/v1/workview/applications/Id/:applicationId? correlationGuid=<uuid>& requestDateTime=<dateTime>& sourceApplication=<string>& userId=<string>","host":["{{baseUrl}}"],"path":["api","v1","workview","applications","Id",":applicationId"],"query":[{"key":" correlationGuid","value":"<uuid>"},{"key":" requestDateTime","value":"<dateTime>"},{"key":" sourceApplication","value":"<string>"},{"key":" userId","value":"<string>"}],"variable":[{"key":"applicationId","value":"<long>","description":"(Required) "}]}},"status":"OK","code":200,"_postman_previewlanguage":"json","header":[{"key":"Content-Type","value":"application/json"}],"cookie":[],"responseTime":null,"body":"\"<object>\""}]},{"name":"Work View Get Application By Name","id":"47b7e1bd-ca4c-450a-b143-1cce90711b9c","protocolProfileBehavior":{"disableBodyPruning":true},"request":{"method":"GET","header":[{"key":"Accept","value":"application/json"}],"url":{"raw":"{{baseUrl}}/api/v1/workview/applications/Name/:applicationName? correlationGuid=<uuid>& requestDateTime=<dateTime>& sourceApplication=<string>& userId=<string>","host":["{{baseUrl}}"],"path":["api","v1","workview","applications","Name",":applicationName"],"query":[{"key":"request.correlationGuid","value":"<uuid>"},{"key":"request.requestDateTime","value":"<dateTime>"},{"key":"request.sourceApplication","value":"<string>","description":"(Required) "},{"key":"request.userId","value":"<string>","description":"(Required) "}],"variable":[{"id":"46c0307f-5ecd-43b8-b5a9-0f941dadc9de","key":"applicationName","value":"<string>","description":"(Required) "}]}},"response":[{"id":"4b29dd40-f6d7-40a7-a201-28c4be2359f9","name":"OK","originalRequest":{"method":"GET","header":[{"description":"(Required) access token","key":"Authorization","value":"Basic dXNlcm5hbWU6cGFzc3dvcmQ="}],"url":{"raw":"{{baseUrl}}/api/v1/workview/applications/Name/:applicationName? correlationGuid=<uuid>& requestDateTime=<dateTime>& sourceApplication=<string>& userId=<string>","host":["{{baseUrl}}"],"path":["api","v1","workview","applications","Name",":applicationName"],"query":[{"key":" correlationGuid","value":"<uuid>"},{"key":" requestDateTime","value":"<dateTime>"},{"key":" sourceApplication","value":"<string>"},{"key":" userId","value":"<string>"}],"variable":[{"key":"applicationName","value":"<string>","description":"(Required) "}]}},"status":"OK","code":200,"_postman_previewlanguage":"json","header":[{"key":"Content-Type","value":"application/json"}],"cookie":[],"responseTime":null,"body":"\"<object>\""}]}],"id":"3a136992-be3c-4dce-9915-8c8c42c1fedc"}],"id":"5fe62312-ca68-4606-8210-d52ecc91054d"}],"variable":[{"id":"12dc8937-a189-45a1-8293-11092d64de05","key":"baseUrl","value":"https://dayintonapiwebsvc.caresource.corp/OnBase","type":"string"}]}