{"info":{"_postman_id":"251780fc-410f-436b-9c71-a55a420ab23e","name":"Retrieve","schema":"https://schema.getpostman.com/json/collection/v2.1.0/collection.json"},"item":[{"name":"Search","id":"199f9311-7708-4471-95e6-8b40b773aa9c","protocolProfileBehavior":{"disableBodyPruning":true},"request":{"method":"GET","header":[],"url":{"raw":"{{Root URL}}/search?ApplicationName=Document Admin Console&ClassName=DocumentTypes&FilterName=All Documents&Filters[0].name=LetterType&filters[0].value=Administrative Denial IP-Facility","host":["{{Root URL}}"],"path":["search"],"query":[{"key":"ApplicationName","value":"Document Admin Console","type":"text"},{"key":"ClassName","value":"DocumentTypes","type":"text"},{"key":"FilterName","value":"All Documents","type":"text"},{"key":"Filters[0].name","value":"LetterType","type":"text"},{"key":"filters[0].value","value":"Administrative Denial IP-Facility","type":"text"}]}},"response":[]},{"name":"Get by Id","id":"7cacc4e2-4e99-4b9a-b7be-0a987a1ee479","protocolProfileBehavior":{"disableBodyPruning":true},"request":{"method":"GET","header":[],"url":{"raw":"{{Root URL}}/5399951?ApplicationName=COB Processing&ClassName=COB","host":["{{Root URL}}"],"path":["5399951"],"query":[{"key":"ApplicationName","value":"COB Processing"},{"key":"ClassName","value":"COB"}]}},"response":[]},{"name":"Create","id":"6b8fe678-19da-45dd-b5f6-a3b5ae177f11","protocolProfileBehavior":{"disableBodyPruning":true},"request":{"method":"POST","header":[],"body":{"mode":"raw","raw":"{\r\n\t\"ObjectId\": 0,\r\n\t\"ApplicationName\": \"COB Processing\",\r\n\t\"ClassName\": \"Contact\",\r\n\t\"Attributes\": [\r\n\t\t{\r\n\t\t\t\"Name\": \"COB\",\r\n\t\t\t\"Value\": \"5400003\"\r\n\r\n\t\t},\r\n\t\t{\r\n\t\t\t\"Name\":\"FirstName\",\r\n\t\t\t\"Value\":\"George\"\r\n\t\t}\r\n\t\t,\r\n\t\t{\r\n\t\t\t\"Name\":\"LastName\",\r\n\t\t\t\"Value\":\"Jungle\"\r\n\t\t}\r\n\t]\r\n}","options":{"raw":{"language":"json"}}},"url":{"raw":"{{Root URL}}/","host":["{{Root URL}}"],"path":[""]}},"response":[]},{"name":"Create Copy","id":"07956cdf-a167-4b87-996d-e96e6bc4d627","protocolProfileBehavior":{"disableBodyPruning":true},"request":{"method":"POST","header":[{"key":"Context","value":"{\"SourceApplication\":\"Postman\",\"CurrentUser\":\"CurrentSighedn in user\"}","type":"text"}],"body":{"mode":"raw","raw":"{\r\n\t\"SourceApplication\": \"Postman\",\r\n\t\"UserId\": \"ACRDEVER\",\r\n\t\"Data\": [\r\n\t\t{\r\n\t\t\t\"ClassName\": \"COB\",\r\n\t\t\t\"Properties\": {\r\n\t\t\t\t\"DateReceived\":\"2022-04-138\",\r\n\t\t\t\t\"Status\":\"New this is a really long status and should not validate\",\r\n\t\t\t\t\"InsuranceType\":\"Medicare A/B/D\"\r\n\t\t\t},\r\n\t\t\t\"Children\": [\r\n\t\t\t\t{\r\n\t\t\t\t\t\"ClassName\":\"Contact\",\r\n\t\t\t\t\t\"Properties\":{\r\n\t\t\t\t\t\t\"FirstNamel\":\"James\",\r\n\t\t\t\t\t\t\"LastNamel\":\"Brown\"\r\n\t\t\t\t\t}\r\n\t\t\t\t}\r\n\t\t\t]\r\n\t\t}\r\n\t]\r\n}","options":{"raw":{"language":"json"}}},"url":{"raw":"{{Root URL}}/create/COB Processing","host":["{{Root URL}}"],"path":["create","COB Processing"]}},"response":[]}],"auth":{"type":"basic","basic":[{"key":"password","value":"{{API Password}}","type":"string"},{"key":"username","value":"{{API User}}","type":"string"}]},"event":[{"listen":"prerequest","script":{"id":"95306894-de22-4f00-852c-9c0e10ded392","type":"text/javascript","exec":[""]}},{"listen":"test","script":{"id":"25910f36-ac44-4b70-a06a-1991ee4a64f4","type":"text/javascript","exec":[""]}}],"variable":[{"id":"bae21190-9295-4d66-b399-71ca6ba7ac4c","key":"Port","value":"57439","type":"string"},{"id":"cdf8881f-ba19-4453-89a0-18e7fb738f2b","key":"Service","value":"Workview","type":"string"},{"id":"b63c420c-9b30-4839-a7cc-f80da8aa384c","key":"Version","value":"v5","type":"string"},{"id":"f2ea3fe5-3c19-46fa-90fe-da4e93817147","key":"Controller","value":"Retrieve","type":"string"}]}