{"info":{"_postman_id":"2a076ef2-be6a-4c39-987f-a629bae616b4","name":"W&C.Services.WorkView API V5","schema":"https://schema.getpostman.com/json/collection/v2.1.0/collection.json"},"item":[{"name":"api/v5","item":[{"name":"Create ErrorLog","id":"4421e1e3-ce66-45dd-9a28-72ed321eba6d","protocolProfileBehavior":{"disableBodyPruning":true},"request":{"method":"POST","header":[{"key":"Content-Type","value":"application/json"},{"key":"Accept","value":"application/json"}],"body":{"mode":"raw","raw":"{\r\n\t\"sourceApplication\":\"Postman testing\",\r\n\t\"CurrentUser\": \"ACRDEVER\",\r\n\t\"Data\": [\r\n\t\t{\r\n\t\t\t\"ClassName\": \"ErrorLog\",\r\n\t\t\t\"Properties\": {\r\n\t\t\t\t\"CallingApplication\":\"DocumentService\",\r\n\t\t\t\t\"ReceivingApplication\":\"Logging\",\r\n\t\t\t\t\"Process\":\"\",\r\n\t\t\t\t\"ErrorCode\":\"0\",\r\n\t\t\t\t\"Payload\":\"message goes here\",\r\n\t\t\t\t\"Method\":\"POST\",\r\n\t\t\t\t\"ServiceEndpoint\":\"https://dayintonapi02/logging/v1/log\",\r\n\t\t\t\t\"Credentials\":\"copybasic auth block here\",\r\n\t\t\t\t\"Status\":\"\",\r\n\t\t\t\t\"ErrorMessage\":\"ErrorMessage\",\r\n\t\t\t\t\"RetryMessage\":\"RetryMessage\",\r\n\t\t\t\t\"ApplicationConfig\":\"39693525\"\r\n\t\t\t}\r\n\t\t}\r\n\t]\r\n}","options":{"raw":{"language":"json"}}},"url":{"raw":"{{Root URL}}/API Error Logging","host":["{{Root URL}}"],"path":["API Error Logging"]}},"response":[{"id":"843d32b9-1689-4e1e-96e1-0868ff76351b","name":"OK","originalRequest":{"method":"POST","header":[{"description":"(Required) access token","key":"Authorization","value":"Basic dXNlcm5hbWU6cGFzc3dvcmQ="}],"body":{"mode":"urlencoded","urlencoded":[{"description":"(Required) ","key":"Data","value":"{\"ClassName\":\"Ut \",\"Properties\":{\"in4\":\"qui Ut incididunt\"},\"Related\":[{\"value\":\"<Circular reference to #/components/schemas/WorkViewBaseObject detected>\"},{\"value\":\"<Circular reference to #/components/schemas/WorkViewBaseObject detected>\"}]}"},{"description":"(Required) ","key":"Data","value":"{\"ClassName\":\"dolor dolore\",\"Properties\":{\"laborum_b\":\"commodo laboris ut\"},\"Related\":[{\"value\":\"<Circular reference to #/components/schemas/WorkViewBaseObject detected>\"},{\"value\":\"<Circular reference to #/components/schemas/WorkViewBaseObject detected>\"}]}"},{"description":"(Required) Gets or sets the Context Header Current User","key":"CurrentUser","value":"mollit aliqua"},{"description":"(Required) Gets or sets the Context Header Source Application","key":"SourceApplication","value":"veniam sunt eu"},{"description":"Gets or sets the Context Header Correlation Unique identifier","key":"CorrelationGuid","value":"00000000-0000-0000-0000-000000000000"},{"description":"Gets or sets the Context Header Request Date Time","key":"RequestDateTime","value":"1970-09-11T10:41:20.404Z"}]},"url":{"raw":"{{baseUrl}}/api/v5/create/:workViewApplicationName","host":["{{baseUrl}}"],"path":["api","v5","create",":workViewApplicationName"],"variable":[{"key":"workViewApplicationName","value":"cupidatat eu exercitation incididunt laborum","description":"(Required) "}]}},"status":"OK","code":200,"_postman_previewlanguage":"json","header":[{"key":"Content-Type","value":"application/json"}],"cookie":[],"responseTime":null,"body":"{\n  \"ApplicationName\": \"veniam ut dolor Ut\",\n  \"Data\": [\n    {\n      \"ClassName\": \"exercitation sunt nostrud mollit \",\n      \"CreatedBy\": \"qui nulla irure\",\n      \"CreatedDate\": \"2022-01-27T17:00:18.708Z\",\n      \"Id\": -14575786,\n      \"Name\": \"r\",\n      \"RevisionBy\": \"culpa sit\",\n      \"RevisionDate\": \"1984-03-22T10:20:49.989Z\",\n      \"Related\": [\n        {\n          \"value\": \"<Circular reference to #/components/schemas/WorkViewObject detected>\"\n        },\n        {\n          \"value\": \"<Circular reference to #/components/schemas/WorkViewObject detected>\"\n        }\n      ],\n      \"Properties\": {\n        \"non_dc\": \"dolor ea\"\n      }\n    },\n    {\n      \"ClassName\": \"sit sunt\",\n      \"CreatedBy\": \"eu\",\n      \"CreatedDate\": \"1952-09-19T01:43:54.859Z\",\n      \"Id\": -71533913,\n      \"Name\": \"elit incididunt\",\n      \"RevisionBy\": \"ea\",\n      \"RevisionDate\": \"1957-08-20T18:08:37.480Z\",\n      \"Related\": [\n        {\n          \"value\": \"<Circular reference to #/components/schemas/WorkViewObject detected>\"\n        },\n        {\n          \"value\": \"<Circular reference to #/components/schemas/WorkViewObject detected>\"\n        }\n      ],\n      \"Properties\": {\n        \"minim8_\": \"ea nulla tempor non\",\n        \"consequat6f0\": \"aute deserunt tempor \"\n      }\n    }\n  ],\n  \"CurrentUser\": \"ipsum no\",\n  \"SourceApplication\": \"aute dolor nulla ut\",\n  \"CorrelationGuid\": \"00000000-0000-0000-0000-000000000000\",\n  \"RequestDateTime\": \"1991-10-27T11:49:43.489Z\"\n}"}]},{"name":"Create COB","id":"bd6ddfcc-2c28-4f06-9b77-70a4bd778753","protocolProfileBehavior":{"disableBodyPruning":true},"request":{"method":"POST","header":[{"key":"Content-Type","value":"application/json"},{"key":"Accept","value":"application/json"}],"body":{"mode":"raw","raw":"{\r\n\t\"SourceApplication\": \"PROVIDER PORTAL\",\r\n\t\"CurrentUser\": \"AAAarkansas\",\r\n\t\"Data\": [\r\n\t\t{\r\n\t\t\t\"ClassName\": \"COB\",\r\n\t\t\t\"Properties\": {\r\n\t\t\t\t\"DATERECEIVED\": \"2023-08-03\",\r\n\t\t\t\t\"Status\": \"New\",\r\n\t\t\t\t\"InsuranceType\": \"Medicare A/B\",\r\n\t\t\t\t\"DateClosed\": \"9999-12-31\",\r\n\t\t\t\t\"AssignedReviewer\": \"\",\r\n\t\t\t\t\"LastVerificationDate\": \"2023-08-01\",\r\n\t\t\t\t\"Comment\": \"testing AR Passe COB Addff\",\r\n\t\t\t\t\"UpdateStatus\": \"Add\",\r\n\t\t\t\t\"AdditionalClaims\":true\r\n\t\t\t},\r\n\t\t\t\"Related\": [\r\n\t\t\t\t{\r\n\t\t\t\t\t\"ClassName\": \"Updates\",\r\n\t\t\t\t\t\"Properties\": {\r\n\t\t\t\t\t\t\"insurancetype\": \"medical\",\r\n\t\t\t\t\t\t\"PolicyHolder\": \"James\",\r\n\t\t\t\t\t\t\"RelationshipToPolicyHolder\": \"Cousins former Roomate\",\r\n\t\t\t\t\t\t\"GroupNumber\": \"123\",\r\n\t\t\t\t\t\t\"PolicyNumber\": \"132\"\r\n\t\t\t\t\t}\r\n\t\t\t\t},\r\n\t\t\t\t{\r\n\t\t\t\t\t\"ClassName\": \"Contact\",\r\n\t\t\t\t\t\"Properties\": {\r\n\t\t\t\t\t\t\"Prefix\": null,\r\n\t\t\t\t\t\t\"FirstName\": \"Cathy\",\r\n\t\t\t\t\t\t\"MiddleName\": null,\r\n\t\t\t\t\t\t\"LastName\": \"Myers\",\r\n\t\t\t\t\t\t\"Suffix\": null,\r\n\t\t\t\t\t\t\"Phone\": \"870-531-6691\"\r\n\t\t\t\t\t},\r\n\t\t\t\t\t\"Related\": [\r\n\t\t\t\t\t\t{\r\n\t\t\t\t\t\t\t\"ClassName\": \"ContactEmail\",\r\n\t\t\t\t\t\t\t\"Properties\": {\r\n\t\t\t\t\t\t\t\t\"$id\": \"9\",\r\n\t\t\t\t\t\t\t\t\"$type\": \"System.Dynamic.ExpandoObject, System.Core\",\r\n\t\t\t\t\t\t\t\t\"Type\": null,\r\n\t\t\t\t\t\t\t\t\"EmailAddress\": \"cmyers@gmail.com\"\r\n\t\t\t\t\t\t\t}\r\n\t\t\t\t\t\t}\r\n\t\t\t\t\t]\r\n\t\t\t\t},\r\n\t\t\t\t{\r\n\t\t\t\t\t\"ClassName\": \"Member\",\r\n\t\t\t\t\t\"Properties\": {\r\n\t\t\t\t\t\t\"FirstName\": \"Clifton\",\r\n\t\t\t\t\t\t\"MiddleName\": \"4rf\",\r\n\t\t\t\t\t\t\"LastName\": \"Green\",\r\n\t\t\t\t\t\t\"MemberId\": \"hello\",\r\n\t\t\t\t\t\t\"RelationshipToPolicyHolder\": \"SELF\"\r\n\t\t\t\t\t}\r\n\t\t\t\t},\r\n\t\t\t\t{\r\n\t\t\t\t\t\"ClassName\": \"Provider\",\r\n\t\t\t\t\t\"Properties\": {\r\n\t\t\t\t\t\t\"Prefix\": null,\r\n\t\t\t\t\t\t\"FirstName\": \"AAAarkansas\",\r\n\t\t\t\t\t\t\"MiddleName\": null,\r\n\t\t\t\t\t\t\"LastName\": \"AAAarkansas\",\r\n\t\t\t\t\t\t\"Suffix\": null,\r\n\t\t\t\t\t\t\"ProviderId\": \"CS2133300160\",\r\n\t\t\t\t\t\t\"OrganizationName\": \"Pretty Gilmore\",\r\n\t\t\t\t\t\t\"ProviderLoginName\": \"Jungle, George\"\r\n\t\t\t\t\t}\r\n\t\t\t\t},\r\n\t\t\t\t{\r\n\t\t\t\t\t\"ClassName\": \"Policy\",\r\n\t\t\t\t\t\"Properties\": {\r\n\t\t\t\t\t\t\"GroupNumber\": \"123456789\",\r\n\t\t\t\t\t\t\"CarrierPhoneNumber\": \"870-531-4491\",\r\n\t\t\t\t\t\t\"PolicyNumber\": \"12121212\",\r\n\t\t\t\t\t\t\"PolicyDate\": \"2023-06-01\",\r\n\t\t\t\t\t\t\"EffectiveDate\": \"2023-06-01\",\r\n\t\t\t\t\t\t\"TermDate\": \"9999-12-31\",\r\n\t\t\t\t\t\t\"Carrier\": \"Blue Cross Blue Shield\"\r\n\t\t\t\t\t},\r\n\t\t\t\t\t\"Related\": [\r\n\t\t\t\t\t\t{\r\n\t\t\t\t\t\t\t\"ClassName\": \"PolicyHolder\",\r\n\t\t\t\t\t\t\t\"Properties\": {\r\n\t\t\t\t\t\t\t\t\"Prefix\": null,\r\n\t\t\t\t\t\t\t\t\"FirstName\": \"Clifton \",\r\n\t\t\t\t\t\t\t\t\"MiddleName\": null,\r\n\t\t\t\t\t\t\t\t\"LastName\": \"Green\"\r\n\t\t\t\t\t\t\t}\r\n\t\t\t\t\t\t},\r\n\t\t\t\t\t\t{\r\n\t\t\t\t\t\t\t\"ClassName\": \"Address\",\r\n\t\t\t\t\t\t\t\"Properties\": {\r\n\t\t\t\t\t\t\t\t\"Type\": \"Policy\",\r\n\t\t\t\t\t\t\t\t\"Attention\": \"\",\r\n\t\t\t\t\t\t\t\t\"Street1\": \"1234 Main Street\",\r\n\t\t\t\t\t\t\t\t\"Street2\": \"\",\r\n\t\t\t\t\t\t\t\t\"Street3\": null,\r\n\t\t\t\t\t\t\t\t\"City\": \"Little Rock\",\r\n\t\t\t\t\t\t\t\t\"State\": \"AR\",\r\n\t\t\t\t\t\t\t\t\"ZipCode\": \"72204\"\r\n\t\t\t\t\t\t\t}\r\n\t\t\t\t\t\t}\r\n\t\t\t\t\t]\r\n\t\t\t\t},\r\n\t\t\t\t{\r\n\t\t\t\t\t\"ClassName\": \"Notes\",\r\n\t\t\t\t\t\"Properties\": {\r\n\t\t\t\t\t\t\"Note\": \"\"\r\n\t\t\t\t\t}\r\n\t\t\t\t}\r\n\t\t\t]\r\n\t\t}\r\n\t]\r\n}","options":{"raw":{"language":"json"}}},"url":{"raw":"{{Root URL}}/COB Processing","host":["{{Root URL}}"],"path":["COB Processing"]}},"response":[{"id":"d3152046-5642-45e6-8b9e-7b608f48a22c","name":"OK","originalRequest":{"method":"POST","header":[{"description":"(Required) access token","key":"Authorization","value":"Basic dXNlcm5hbWU6cGFzc3dvcmQ="}],"body":{"mode":"urlencoded","urlencoded":[{"description":"(Required) ","key":"Data","value":"{\"ClassName\":\"Ut \",\"Properties\":{\"in4\":\"qui Ut incididunt\"},\"Related\":[{\"value\":\"<Circular reference to #/components/schemas/WorkViewBaseObject detected>\"},{\"value\":\"<Circular reference to #/components/schemas/WorkViewBaseObject detected>\"}]}"},{"description":"(Required) ","key":"Data","value":"{\"ClassName\":\"dolor dolore\",\"Properties\":{\"laborum_b\":\"commodo laboris ut\"},\"Related\":[{\"value\":\"<Circular reference to #/components/schemas/WorkViewBaseObject detected>\"},{\"value\":\"<Circular reference to #/components/schemas/WorkViewBaseObject detected>\"}]}"},{"description":"(Required) Gets or sets the Context Header Current User","key":"CurrentUser","value":"mollit aliqua"},{"description":"(Required) Gets or sets the Context Header Source Application","key":"SourceApplication","value":"veniam sunt eu"},{"description":"Gets or sets the Context Header Correlation Unique identifier","key":"CorrelationGuid","value":"00000000-0000-0000-0000-000000000000"},{"description":"Gets or sets the Context Header Request Date Time","key":"RequestDateTime","value":"1970-09-11T10:41:20.404Z"}]},"url":{"raw":"{{baseUrl}}/api/v5/create/:workViewApplicationName","host":["{{baseUrl}}"],"path":["api","v5","create",":workViewApplicationName"],"variable":[{"key":"workViewApplicationName","value":"cupidatat eu exercitation incididunt laborum","description":"(Required) "}]}},"status":"OK","code":200,"_postman_previewlanguage":"json","header":[{"key":"Content-Type","value":"application/json"}],"cookie":[],"responseTime":null,"body":"{\n  \"ApplicationName\": \"veniam ut dolor Ut\",\n  \"Data\": [\n    {\n      \"ClassName\": \"exercitation sunt nostrud mollit \",\n      \"CreatedBy\": \"qui nulla irure\",\n      \"CreatedDate\": \"2022-01-27T17:00:18.708Z\",\n      \"Id\": -14575786,\n      \"Name\": \"r\",\n      \"RevisionBy\": \"culpa sit\",\n      \"RevisionDate\": \"1984-03-22T10:20:49.989Z\",\n      \"Related\": [\n        {\n          \"value\": \"<Circular reference to #/components/schemas/WorkViewObject detected>\"\n        },\n        {\n          \"value\": \"<Circular reference to #/components/schemas/WorkViewObject detected>\"\n        }\n      ],\n      \"Properties\": {\n        \"non_dc\": \"dolor ea\"\n      }\n    },\n    {\n      \"ClassName\": \"sit sunt\",\n      \"CreatedBy\": \"eu\",\n      \"CreatedDate\": \"1952-09-19T01:43:54.859Z\",\n      \"Id\": -71533913,\n      \"Name\": \"elit incididunt\",\n      \"RevisionBy\": \"ea\",\n      \"RevisionDate\": \"1957-08-20T18:08:37.480Z\",\n      \"Related\": [\n        {\n          \"value\": \"<Circular reference to #/components/schemas/WorkViewObject detected>\"\n        },\n        {\n          \"value\": \"<Circular reference to #/components/schemas/WorkViewObject detected>\"\n        }\n      ],\n      \"Properties\": {\n        \"minim8_\": \"ea nulla tempor non\",\n        \"consequat6f0\": \"aute deserunt tempor \"\n      }\n    }\n  ],\n  \"CurrentUser\": \"ipsum no\",\n  \"SourceApplication\": \"aute dolor nulla ut\",\n  \"CorrelationGuid\": \"00000000-0000-0000-0000-000000000000\",\n  \"RequestDateTime\": \"1991-10-27T11:49:43.489Z\"\n}"}]},{"name":"Data Set Get Data Set","id":"142458cd-1d90-4621-857b-6ded5ccfd499","request":{"method":"GET","header":[{"key":"Accept","value":"application/json"}],"url":{"raw":"{{baseUrl}}/api/v5/dataset/:workViewApplicationName/:className/:dataSetName","host":["{{baseUrl}}"],"path":["api","v5","dataset",":workViewApplicationName",":className",":dataSetName"],"variable":[{"id":"fb1c8703-830d-4bb1-92b8-5f5cf26b8728","key":"workViewApplicationName","value":"cupidatat eu exercitation incididunt laborum","description":"(Required) "},{"id":"796961cc-e8af-42e5-9db3-c7a27ad240ac","key":"className","value":"cupidatat eu exercitation incididunt laborum","description":"(Required) "},{"id":"be22fa3c-2e89-4b13-9e44-128766e1e2f7","key":"dataSetName","value":"cupidatat eu exercitation incididunt laborum","description":"(Required) "}]}},"response":[{"id":"75efef54-18fa-470e-bf78-d8c07559ee26","name":"OK","originalRequest":{"method":"GET","header":[{"description":"(Required) access token","key":"Authorization","value":"Basic dXNlcm5hbWU6cGFzc3dvcmQ="}],"url":{"raw":"{{baseUrl}}/api/v5/dataset/:workViewApplicationName/:className/:dataSetName","host":["{{baseUrl}}"],"path":["api","v5","dataset",":workViewApplicationName",":className",":dataSetName"],"variable":[{"key":"workViewApplicationName","value":"cupidatat eu exercitation incididunt laborum","description":"(Required) "},{"key":"className","value":"cupidatat eu exercitation incididunt laborum","description":"(Required) "},{"key":"dataSetName","value":"cupidatat eu exercitation incididunt laborum","description":"(Required) "}]}},"status":"OK","code":200,"_postman_previewlanguage":"json","header":[{"key":"Content-Type","value":"application/json"}],"cookie":[],"responseTime":null,"body":"{}"}]},{"name":"Retrieve Get By Id","id":"cc110118-14fd-4207-b42c-8c2ca8288c32","protocolProfileBehavior":{"disableBodyPruning":true},"request":{"method":"GET","header":[{"key":"Accept","value":"application/json"}],"url":{"raw":"{{Root URL}}/COB Processing/COB/39913070","host":["{{Root URL}}"],"path":["COB Processing","COB","39913070"]}},"response":[{"id":"62fd3ad0-54ea-40b8-9ed5-1b57f385298d","name":"OK","originalRequest":{"method":"GET","header":[{"description":"(Required) access token","key":"Authorization","value":"Basic dXNlcm5hbWU6cGFzc3dvcmQ="}],"url":{"raw":"{{baseUrl}}/api/v5/retrieve/:workViewApplicationName/:className/:objectId","host":["{{baseUrl}}"],"path":["api","v5","retrieve",":workViewApplicationName",":className",":objectId"],"variable":[{"key":"workViewApplicationName","value":"cupidatat eu exercitation incididunt laborum","description":"(Required) "},{"key":"className","value":"cupidatat eu exercitation incididunt laborum","description":"(Required) "},{"key":"objectId","value":"-88398606","description":"(Required) "}]}},"status":"OK","code":200,"_postman_previewlanguage":"json","header":[{"key":"Content-Type","value":"application/json"}],"cookie":[],"responseTime":null,"body":"{\n  \"ClassName\": \"Ut laboris\",\n  \"CreatedBy\": \"cillum Ut\",\n  \"CreatedDate\": \"1944-07-16T19:10:13.171Z\",\n  \"Id\": -74560849,\n  \"Name\": \"laboris est sed exercitation mollit\",\n  \"RevisionBy\": \"nostrud deserunt officia adipisicing Ut\",\n  \"RevisionDate\": \"1989-02-08T10:47:33.593Z\",\n  \"Related\": [\n    {\n      \"value\": \"<Circular reference to #/components/schemas/WorkViewObject detected>\"\n    },\n    {\n      \"value\": \"<Circular reference to #/components/schemas/WorkViewObject detected>\"\n    }\n  ],\n  \"Properties\": {\n    \"aliquip7\": \"pariatur culpa reprehenderit dolor\"\n  }\n}"}]},{"name":"Search Search","id":"e07ab041-b0f7-4766-8ffd-f59decc3bf8f","protocolProfileBehavior":{"disableBodyPruning":true},"request":{"method":"GET","header":[{"key":"Accept","value":"application/json"}],"url":{"raw":"{{Root URL}}/COB Processing?className=COB&sourceApplication=Postman Testing&filters[0].name=Id&currentUser=cupidatat eu exercitation incididunt laborum&filters[0].value=10243","host":["{{Root URL}}"],"path":["COB Processing"],"query":[{"key":"className","value":"COB"},{"key":"sourceApplication","value":"Postman Testing"},{"key":"filters[0].name","value":"Id"},{"key":"currentUser","value":"cupidatat eu exercitation incididunt laborum"},{"key":"filters[0].value","value":"10243"}]}},"response":[{"id":"de151fe9-2618-4961-ac24-e96898f01e65","name":"OK","originalRequest":{"method":"GET","header":[{"description":"(Required) access token","key":"Authorization","value":"Basic dXNlcm5hbWU6cGFzc3dvcmQ="}],"url":{"raw":"{{baseUrl}}/api/v5/search/:workViewApplicationName? className=cupidatat eu exercitation incididunt laborum& correlationGuid=fcb9c5e9-7514-7cb9-e8e4-d1d4d8b9ea9b& currentUser=cupidatat eu exercitation incididunt laborum& requestDateTime=1973-08-23T04:20:50.039Z& sourceApplication=cupidatat eu exercitation incididunt laborum","host":["{{baseUrl}}"],"path":["api","v5","search",":workViewApplicationName"],"query":[{"key":" className","value":"cupidatat eu exercitation incididunt laborum"},{"key":" correlationGuid","value":"fcb9c5e9-7514-7cb9-e8e4-d1d4d8b9ea9b"},{"key":" currentUser","value":"cupidatat eu exercitation incididunt laborum"},{"key":" requestDateTime","value":"1973-08-23T04:20:50.039Z"},{"key":" sourceApplication","value":"cupidatat eu exercitation incididunt laborum"}],"variable":[{"key":"workViewApplicationName","value":"cupidatat eu exercitation incididunt laborum","description":"(Required) "}]}},"status":"OK","code":200,"_postman_previewlanguage":"json","header":[{"key":"Content-Type","value":"application/json"}],"cookie":[],"responseTime":null,"body":"{\n  \"CurrentUser\": \"id eu\",\n  \"SourceApplication\": \"nisi ipsum velit\",\n  \"ClassName\": \"ut labore Excepteur reprehenderit dolore\",\n  \"TotalRecords\": 67512279,\n  \"Results\": [\n    {\n      \"ClassName\": \"quis ex in\",\n      \"CreatedBy\": \"sunt Excepteur s\",\n      \"CreatedDate\": \"1996-12-25T08:37:07.653Z\",\n      \"Id\": 86653894,\n      \"Name\": \"ut magna\",\n      \"RevisionBy\": \"adipisicing minim enim\",\n      \"RevisionDate\": \"1959-08-04T16:13:22.857Z\",\n      \"Related\": [\n        {\n          \"value\": \"<Circular reference to #/components/schemas/WorkViewObject detected>\"\n        },\n        {\n          \"value\": \"<Circular reference to #/components/schemas/WorkViewObject detected>\"\n        }\n      ],\n      \"Properties\": {\n        \"anim_4\": \"magna\",\n        \"pariatur1b\": \"sint sunt deserunt Ut\"\n      }\n    },\n    {\n      \"ClassName\": \"sunt do dolore consectetur velit\",\n      \"CreatedBy\": \"et quis adipisicing aute\",\n      \"CreatedDate\": \"1969-02-23T11:32:13.162Z\",\n      \"Id\": 87161538,\n      \"Name\": \"dolore pariatur sunt do\",\n      \"RevisionBy\": \"consectetur cillum\",\n      \"RevisionDate\": \"1983-04-25T10:39:53.360Z\",\n      \"Related\": [\n        {\n          \"value\": \"<Circular reference to #/components/schemas/WorkViewObject detected>\"\n        },\n        {\n          \"value\": \"<Circular reference to #/components/schemas/WorkViewObject detected>\"\n        }\n      ],\n      \"Properties\": {\n        \"cillum_b_1\": \"sed dolor elit\",\n        \"exc0\": \"ut voluptate dolore labore Ut\",\n        \"id3f\": \"cupidatat\",\n        \"laboris__31\": \"magna ipsum in ut\"\n      }\n    }\n  ],\n  \"CorrelationGuid\": \"00000000-0000-0000-0000-000000000000\",\n  \"RequestDateTime\": \"1979-11-25T20:11:51.461Z\"\n}"}]}],"id":"dc10186c-f455-4ada-a675-fb79bba6ee43"}],"auth":{"type":"basic","basic":[{"key":"password","value":"{{API Password}}","type":"string"},{"key":"username","value":"{{API User}}","type":"string"}]},"event":[{"listen":"prerequest","script":{"id":"0a9a8998-4269-4823-8f05-670bff522603","type":"text/javascript","exec":[""]}},{"listen":"test","script":{"id":"13decc3a-818a-4b9d-87da-1ed55e64907d","type":"text/javascript","exec":[""]}}],"variable":[{"id":"6a3d88d0-09ed-485f-98c5-d6161a4f3a55","key":"Port","value":"57439","type":"string"},{"id":"14578c28-1264-4362-9b86-f420361cf72f","key":"Service","value":"Workview","type":"string"},{"id":"9c431566-38d6-4b56-9402-3d94f57622b2","key":"Version","value":"v5","type":"string"},{"id":"7ee9ab32-5831-4562-a097-45202172dfb4","key":"Controller","value":"Create","type":"string","disabled":true},{"id":"1cfbec9b-bc07-4fe2-9722-a541cb56bafc","key":"Controller","value":"retrieve","type":"string","disabled":true},{"id":"9e92697d-93f5-483c-ba93-109e3189351a","key":"Controller","value":"Search","type":"string"}]}