{"info":{"_postman_id":"2f52ed53-a4b3-4439-a5a4-c42d4101d871","name":"SAP Treasury Calls","schema":"https://schema.getpostman.com/json/collection/v2.1.0/collection.json"},"item":[{"name":"New Request","id":"96a6f5ec-7b4c-4591-a659-9372eece7922","protocolProfileBehavior":{"disableBodyPruning":true},"request":{"method":"GET","header":[],"url":{"raw":"{{Base Url}}?vendor-id=1000552","host":["{{Base Url}}"],"query":[{"key":"vendor-id","value":"1000552"}]}},"response":[]}],"auth":{"type":"apikey","apikey":[{"key":"key","value":"x-api-key","type":"string"},{"key":"value","value":"{{Token}}","type":"string"}]},"event":[{"listen":"prerequest","script":{"id":"6e1ed36e-9a3e-4b79-87c2-1d139cd45789","type":"text/javascript","exec":[""]}},{"listen":"test","script":{"id":"409808f8-5a6e-4e0a-a9d0-f09e4db45428","type":"text/javascript","exec":[""]}}]}