{"info":{"_postman_id":"31b607f1-f2ce-4935-959e-588ae7f5f411","name":"Datasets Copy","schema":"https://schema.getpostman.com/json/collection/v2.1.0/collection.json"},"item":[{"name":"States","event":[{"listen":"test","script":{"id":"bfc37086-19ac-447e-b2a3-d55e33248368","exec":["pm.test(\"Response time is less than 200ms\", function () {\r","\tpm.expect(pm.response.responseTime).to.be.below(200);\r","});\r","pm.test(\"Test that we received 8 States\", function () {\r","\tvar jsonData = pm.response.json();\r","\tpm.expect(Object.keys(pm.response.json()).length).to.eql(8);\r","});"],"type":"text/javascript"}}],"id":"f8d67672-1f70-4089-a6de-ae443f410e3e","protocolProfileBehavior":{"disableBodyPruning":true},"request":{"method":"GET","header":[],"url":{"raw":"{{HPLC Root URL}}/States","host":["{{HPLC Root URL}}"],"path":["States"]}},"response":[]},{"name":"Products","event":[{"listen":"test","script":{"id":"bfc37086-19ac-447e-b2a3-d55e33248368","exec":["pm.test(\"Test that we received 28 Products\", function () {\r","\tvar jsonData = pm.response.json();\r","\tpm.expect(Object.keys(pm.response.json()).length).to.eql(28);\r","});"],"type":"text/javascript"}}],"id":"17021e94-4bf8-4706-912a-5d38ed8963a5","protocolProfileBehavior":{"disableBodyPruning":true},"request":{"method":"GET","header":[],"url":{"raw":"{{HPLC Root URL}}/Products","host":["{{HPLC Root URL}}"],"path":["Products"]}},"response":[]},{"name":"Phone Types","event":[{"listen":"test","script":{"id":"bfc37086-19ac-447e-b2a3-d55e33248368","exec":["pm.test(\"Test that we received 3 Phjone Types\", function () {\r","\tvar jsonData = pm.response.json();\r","\tpm.expect(Object.keys(pm.response.json()).length).to.eql(3);\r","});"],"type":"text/javascript"}}],"id":"89586fb4-0d67-4bb5-a7ab-42f507630bc7","protocolProfileBehavior":{"disableBodyPruning":true},"request":{"method":"GET","header":[],"url":{"raw":"{{HPLC Root URL}}/PhoneTypes","host":["{{HPLC Root URL}}"],"path":["PhoneTypes"]}},"response":[]},{"name":"Action Types","event":[{"listen":"test","script":{"id":"bfc37086-19ac-447e-b2a3-d55e33248368","exec":["pm.test(\"Test that we received 4 Action Types\", function () {\r","\tvar jsonData = pm.response.json();\r","\tpm.expect(Object.keys(pm.response.json()).length).to.eql(4);\r","});"],"type":"text/javascript"}}],"id":"fbfe7431-1e14-45d6-b3a3-487c1c0f9112","protocolProfileBehavior":{"disableBodyPruning":true},"request":{"method":"GET","header":[],"url":{"raw":"{{HPLC Root URL}}/ActionTypes","host":["{{HPLC Root URL}}"],"path":["ActionTypes"]}},"response":[]},{"name":"Address Types","event":[{"listen":"test","script":{"id":"bfc37086-19ac-447e-b2a3-d55e33248368","exec":["pm.test(\"Test that we received 4 Address Types\", function () {\r","\tvar jsonData = pm.response.json();\r","\tpm.expect(Object.keys(pm.response.json()).length).to.eql(4);\r","});"],"type":"text/javascript"}}],"id":"8007c07e-da9b-4c05-8f0a-0a6cff7ca09a","protocolProfileBehavior":{"disableBodyPruning":true},"request":{"method":"GET","header":[],"url":{"raw":"{{HPLC Root URL}}/AddressTypes","host":["{{HPLC Root URL}}"],"path":["AddressTypes"]}},"response":[]},{"name":"Provider Types","event":[{"listen":"test","script":{"id":"bfc37086-19ac-447e-b2a3-d55e33248368","exec":["pm.test(\"Test that we received 3 Provider Types\", function () {\r","\tvar jsonData = pm.response.json();\r","\tpm.expect(Object.keys(pm.response.json()).length).to.eql(3);\r","});"],"type":"text/javascript"}}],"id":"a12a3c86-5b2e-4be6-8e52-6bb52a3cfa42","protocolProfileBehavior":{"disableBodyPruning":true},"request":{"method":"GET","header":[],"url":{"raw":"{{HPLC Root URL}}/ProviderTypes","host":["{{HPLC Root URL}}"],"path":["ProviderTypes"]}},"response":[]},{"name":"Location Action Types","event":[{"listen":"test","script":{"id":"bfc37086-19ac-447e-b2a3-d55e33248368","exec":["pm.test(\"Test that we received 4 Location Action Types\", function () {\r","\tvar jsonData = pm.response.json();\r","\tpm.expect(Object.keys(pm.response.json()).length).to.eql(4);\r","});"],"type":"text/javascript"}}],"id":"c77d1369-3631-438b-b814-86babeb03474","protocolProfileBehavior":{"disableBodyPruning":true},"request":{"method":"GET","header":[],"url":{"raw":"{{HPLC Root URL}}/LocationActionTypes","host":["{{HPLC Root URL}}"],"path":["LocationActionTypes"]}},"response":[]},{"name":"Request Types","event":[{"listen":"test","script":{"id":"bfc37086-19ac-447e-b2a3-d55e33248368","exec":["pm.test(\"Test that we received 3 Request Types\", function () {\r","\tvar jsonData = pm.response.json();\r","\tpm.expect(Object.keys(pm.response.json()).length).to.eql(3);\r","});"],"type":"text/javascript"}}],"id":"1098e8ae-fd42-433d-a3e2-314655f0d859","protocolProfileBehavior":{"disableBodyPruning":true},"request":{"method":"GET","header":[],"url":{"raw":"{{HPLC Root URL}}/RequestTypes","host":["{{HPLC Root URL}}"],"path":["RequestTypes"]}},"response":[]}],"auth":{"type":"basic","basic":[{"key":"password","value":"{{API Password}}","type":"string"},{"key":"username","value":"{{API User}}","type":"string"}]},"event":[{"listen":"prerequest","script":{"id":"02c4ecfc-d55c-4571-a0ca-939a7db321c1","type":"text/javascript","exec":[""]}},{"listen":"test","script":{"id":"a16fdba0-5cd9-4b04-a6cc-662186e0e75b","type":"text/javascript","exec":[""]}}],"variable":[{"id":"299d7f7a-b19c-462c-943d-5f40f4610bee","key":"Service","value":"hplc","type":"string"},{"id":"88a2f6b3-d50f-4546-b728-75e82f04b35b","key":"Version","value":"v2","type":"string"},{"id":"533b3aa1-6534-4011-a8bb-f923c3dd6a7b","key":"Controller","value":"dataset","type":"string"},{"id":"68e013b3-34ab-4e91-b590-68db3e0c89f9","key":"Port","value":"44311","type":"string"}]}