{"info":{"_postman_id":"328b4b98-2b4e-47fe-91ec-0ac9428f87c6","name":"WC.Services.Logging","schema":"https://schema.getpostman.com/json/collection/v2.1.0/collection.json"},"item":[{"name":"logging","item":[{"name":"Log","id":"6a0430c6-bf91-4522-9436-9410a33b064e","protocolProfileBehavior":{"disableBodyPruning":true},"request":{"method":"POST","header":[{"key":"Content-Type","value":"application/json"}],"body":{"mode":"raw","raw":"{\n\t\"time\":{{$timestamp}},\n\t\"host\": \"API02\",\n\t\"source\": \"Document Service\",\n\t\"sourcetype\": \"Document Service\",\n\t\"event\": {\n\t\t\"Message\": \"Validated Model State 2\",\n\t\t\"LogLevel\": \"Trace\"\n\t},\n\t\"fields\": {\n\t\t\"ModelState\": \"{\\\"DisplayColumns[0]\\\":{\\\"Value\\\":{\\\"AttemptedValue\\\":\\\"Claim Number\\\",\\\"Culture\\\":\\\"(Default)\\\",\\\"RawValue\\\":\\\"Claim Number\\\"},\\\"Errors\\\":[]},\\\"DisplayColumns[1]\\\":{\\\"Value\\\":{\\\"AttemptedValue\\\":\\\"Subscriber ID\\\",\\\"Culture\\\":\\\"(Default)\\\",\\\"RawValue\\\":\\\"Subscriber ID\\\"},\\\"Errors\\\":[]},\\\"DisplayColumns[2]\\\":{\\\"Value\\\":{\\\"AttemptedValue\\\":\\\"Member Suffix\\\",\\\"Culture\\\":\\\"(Default)\\\",\\\"RawValue\\\":\\\"Member Suffix\\\"},\\\"Errors\\\":[]},\\\"DisplayColumns[3]\\\":{\\\"Value\\\":{\\\"AttemptedValue\\\":\\\"Member ID\\\",\\\"Culture\\\":\\\"(Default)\\\",\\\"RawValue\\\":\\\"Member ID\\\"},\\\"Errors\\\":[]},\\\"DocumentTypes[0]\\\":{\\\"Value\\\":{\\\"AttemptedValue\\\":\\\"Approval OP-Servicing Provider\\\",\\\"Culture\\\":\\\"(Default)\\\",\\\"RawValue\\\":\\\"Approval OP-Servicing Provider\\\"},\\\"Errors\\\":[]},\\\"Filters[0].Name\\\":{\\\"Value\\\":{\\\"AttemptedValue\\\":\\\"Provider ID\\\",\\\"Culture\\\":\\\"(Default)\\\",\\\"RawValue\\\":\\\"Provider ID\\\"},\\\"Errors\\\":[]},\\\"Filters[0].Value\\\":{\\\"Value\\\":{\\\"AttemptedValue\\\":\\\"350892672002\\\",\\\"Culture\\\":\\\"(Default)\\\",\\\"RawValue\\\":\\\"350892672002\\\"},\\\"Errors\\\":[]},\\\"Filters[1].Name\\\":{\\\"Value\\\":{\\\"AttemptedValue\\\":\\\"Provider Facing\\\",\\\"Culture\\\":\\\"(Default)\\\",\\\"RawValue\\\":\\\"Provider Facing\\\"},\\\"Errors\\\":[]},\\\"StartDate\\\":{\\\"Value\\\":{\\\"AttemptedValue\\\":\\\"2022-10-14\\\",\\\"Culture\\\":\\\"(Default)\\\",\\\"RawValue\\\":\\\"2022-10-14\\\"},\\\"Errors\\\":[]},\\\"EndDate\\\":{\\\"Value\\\":{\\\"AttemptedValue\\\":\\\"2022-10-14\\\",\\\"Culture\\\":\\\"(Default)\\\",\\\"RawValue\\\":\\\"2022-10-14\\\"},\\\"Errors\\\":[]},\\\"SourceApplication\\\":{\\\"Value\\\":{\\\"AttemptedValue\\\":\\\"Postman Testing\\\",\\\"Culture\\\":\\\"(Default)\\\",\\\"RawValue\\\":\\\"Postman Testing\\\"},\\\"Errors\\\":[]},\\\"UserId\\\":{\\\"Value\\\":{\\\"AttemptedValue\\\":\\\"ACRDEVER\\\",\\\"Culture\\\":\\\"(Default)\\\",\\\"RawValue\\\":\\\"ACRDEVER\\\"},\\\"Errors\\\":[]}}\",\n\t\t\"CorrelationGuid\": \"6fc6c618-b192-4d79-91d3-44b56e012a20\",\n\t\t\"CallerMemberName\": \"IsValid\",\n\t\t\"CallerFilePath\": \"C:\\\\Users\\\\crdever\\\\source\\\\repos\\\\WorkflowAndCollab.Services.Document\\\\src\\\\WC.Services.Document\\\\Managers\\\\v5\\\\BaseDocumentManager.cs\",\n\t\t\"CallerLineNumber\": \"214\"\n\t}\n}","options":{"raw":{"language":"json"}}},"url":{"raw":"{{Root URL}}Log","host":["{{Root URL}}Log"]}},"response":[]},{"name":"Log/Debug","id":"43a3a2f2-e6ed-4fc9-94cf-81ecf5644c27","protocolProfileBehavior":{"disableBodyPruning":true},"request":{"method":"POST","header":[],"body":{"mode":"raw","raw":"{\r\n\t\"host\": \"C0032128L\",\r\n\t\"source\": \"Postman testing\",\r\n\t\"sourcetype\": \"test log method\",\r\n\t\"event\": {\r\n\t\t\"message\": \"this is a weird message\"\r\n\t},\r\n\t\"fields\": {\r\n\t\t\"SourceApplication\": \"PostMan\",\r\n\t\t\"QueryString\": \"\",\r\n\t\t\"RequestBody\": \"\",\r\n\t\t\"ResponseBody\": \"\",\r\n\t\t\"CallingApplication\": \"Goob\",\r\n\t\t\"CorrelationGuid\":  \"\",\r\n\t\t\"CallingFilePath\": \"C:\\\\Users\\\\crdever\\\\source\\\\repos\\\\WorkflowAndCollab.Core\\\\test\\\\Core.Tests\\\\Diagnostics\\\\ServiceLoggerTests.cs\",\r\n\t\t\"CallingLineNumber\": \"63\",\r\n\t\t\"CallingMethodName\": \"LogTest1\",\r\n\t\t\"ExceptionType\": \"\",\r\n\t\t\"Stacktrace\": \"n\",\r\n\t\t\"Exception\": \"\",\r\n\t\t\"HttpStatusCode\": \"\",\r\n\t\t\"CurrentUser\": \"\"\r\n\t}\r\n}","options":{"raw":{"language":"json"}}},"url":{"raw":"{{Root URL}}Log/Debug","host":["{{Root URL}}Log"],"path":["Debug"]}},"response":[]},{"name":"Log/Error","id":"3242c841-2ff5-480e-a2e8-530e34fb1bf2","protocolProfileBehavior":{"disableBodyPruning":true},"request":{"method":"POST","header":[],"body":{"mode":"raw","raw":"{\r\n\t\"host\": \"C0032128L\",\r\n\t\"source\": \"Postman testing\",\r\n\t\"sourcetype\": \"test log method\",\r\n\t\"event\": {\r\n\t\t\"message\": \"this is a weird message\"\r\n\t},\r\n\t\"fields\": {\r\n\t\t\"SourceApplication\": \"PostMan\",\r\n\t\t\"QueryString\": \"\",\r\n\t\t\"RequestBody\": \"\",\r\n\t\t\"ResponseBody\": \"\",\r\n\t\t\"CallingApplication\": \"Goob\",\r\n\t\t\"CorrelationGuid\":  \"\",\r\n\t\t\"CallingFilePath\": \"C:\\\\Users\\\\crdever\\\\source\\\\repos\\\\WorkflowAndCollab.Core\\\\test\\\\Core.Tests\\\\Diagnostics\\\\ServiceLoggerTests.cs\",\r\n\t\t\"CallingLineNumber\": \"63\",\r\n\t\t\"CallingMethodName\": \"LogTest1\",\r\n\t\t\"ExceptionType\": \"\",\r\n\t\t\"Stacktrace\": \"n\",\r\n\t\t\"Exception\": \"\",\r\n\t\t\"HttpStatusCode\": \"\",\r\n\t\t\"CurrentUser\": \"\"\r\n\t}\r\n}","options":{"raw":{"language":"json"}}},"url":{"raw":"{{Root URL}}Log/Error","host":["{{Root URL}}Log"],"path":["Error"]}},"response":[]},{"name":"Log/Info","id":"d8baf52c-a6dc-43a7-93ee-ac9e11752303","protocolProfileBehavior":{"disableBodyPruning":true},"request":{"method":"POST","header":[],"body":{"mode":"raw","raw":"{\r\n\t\"host\": \"C0032128L\",\r\n\t\"source\": \"Postman testing\",\r\n\t\"sourcetype\": \"test log method\",\r\n\t\"event\": {\r\n\t\t\"message\": \"this is a weird message\",\r\n\t\t\"logLevel\": \"Error\"\r\n\t},\r\n\t\"fields\": {\r\n\t\t\"SourceApplication\": \"PostMan\",\r\n\t\t\"QueryString\": \"\",\r\n\t\t\"RequestBody\": \"\",\r\n\t\t\"ResponseBody\": \"\",\r\n\t\t\"CallingApplication\": \"Goob\",\r\n\t\t\"CorrelationGuid\":  \"\",\r\n\t\t\"CallingFilePath\": \"C:\\\\Users\\\\crdever\\\\source\\\\repos\\\\WorkflowAndCollab.Core\\\\test\\\\Core.Tests\\\\Diagnostics\\\\ServiceLoggerTests.cs\",\r\n\t\t\"CallingLineNumber\": \"63\",\r\n\t\t\"CallingMethodName\": \"LogTest1\",\r\n\t\t\"ExceptionType\": \"\",\r\n\t\t\"Stacktrace\": \"n\",\r\n\t\t\"Exception\": \"\",\r\n\t\t\"HttpStatusCode\": \"\",\r\n\t\t\"CurrentUser\": \"\"\r\n\t}\r\n}","options":{"raw":{"language":"json"}}},"url":{"raw":"{{Root URL}}Log/Info","host":["{{Root URL}}Log"],"path":["Info"]}},"response":[]},{"name":"Log/Warning","id":"76efa3d6-84d2-48b2-9349-e94dbacab971","protocolProfileBehavior":{"disableBodyPruning":true},"request":{"method":"POST","header":[],"body":{"mode":"raw","raw":"{\r\n\t\"host\": \"C0032128L\",\r\n\t\"source\": \"Postman testing\",\r\n\t\"sourcetype\": \"test log method\",\r\n\t\"event\": {\r\n\t\t\"message\": \"this is a weird message\",\r\n\t\t\"logLevel\": \"Error\"\r\n\t},\r\n\t\"fields\": {\r\n\t\t\"SourceApplication\": \"PostMan\",\r\n\t\t\"QueryString\": \"\",\r\n\t\t\"RequestBody\": \"\",\r\n\t\t\"ResponseBody\": \"\",\r\n\t\t\"CallingApplication\": \"Goob\",\r\n\t\t\"CorrelationGuid\":  \"\",\r\n\t\t\"CallingFilePath\": \"C:\\\\Users\\\\crdever\\\\source\\\\repos\\\\WorkflowAndCollab.Core\\\\test\\\\Core.Tests\\\\Diagnostics\\\\ServiceLoggerTests.cs\",\r\n\t\t\"CallingLineNumber\": \"63\",\r\n\t\t\"CallingMethodName\": \"LogTest1\",\r\n\t\t\"ExceptionType\": \"\",\r\n\t\t\"Stacktrace\": \"n\",\r\n\t\t\"Exception\": \"\",\r\n\t\t\"HttpStatusCode\": \"\",\r\n\t\t\"CurrentUser\": \"\"\r\n\t}\r\n}","options":{"raw":{"language":"json"}}},"url":{"raw":"{{Root URL}}Log/Warning","host":["{{Root URL}}Log"],"path":["Warning"]}},"response":[]}],"id":"55f4730c-ff5b-4c8d-a77a-ce5bb49558e5"}],"auth":{"type":"basic","basic":[{"key":"password","value":"{{Token}}","type":"string"},{"key":"username","value":"splunk","type":"string"}]},"event":[{"listen":"prerequest","script":{"id":"3ce8aa9a-61b1-4b51-80b6-1b68a63d767e","type":"text/javascript","exec":[""]}},{"listen":"test","script":{"id":"24d5bff5-2cb1-448e-9b61-490f109e759a","type":"text/javascript","exec":[""]}}],"variable":[{"id":"39f75172-fcc7-4b8b-8e84-d8ddd864c57a","key":"Version","value":"v1","type":"any"},{"id":"9bf8dfaf-81ff-4aec-b29c-d4f212bfd1a9","key":"Port","value":"7243","type":"string"},{"id":"d4921300-dec0-45a8-8bd4-0b6681e6307a","key":"Controller","value":"","type":"string"},{"id":"78dd54fb-ba07-4ba7-ab65-7c78696c1ddd","key":"Service","value":"Logging","type":"string"}]}