{"info":{"_postman_id":"3291e181-dea3-4fd9-9962-45dfa7c6adb8","name":"Splunk Direct","schema":"https://schema.getpostman.com/json/collection/v2.1.0/collection.json"},"item":[{"name":"Splunk","id":"96ab2108-02fb-4fe0-8e88-47aa97908b7e","protocolProfileBehavior":{"disableBodyPruning":true},"request":{"auth":{"type":"basic","basic":[{"key":"username","value":"splunk","type":"string"},{"key":"password","value":"5721A276-23D4-11ED-817B-005056AA02CB","type":"string"}]},"method":"POST","header":[],"body":{"mode":"raw","raw":"{\r\n\t\"time\": 1437522387,\r\n\t\"host\": \"dataserver992.example.com\",\r\n\t\"source\": \"testapp\",\r\n\t\"event\": {\r\n\t\t\"message\": \"Something happened\",\r\n\t\t\"severity\": \"INFO\"\r\n\t}\r\n}","options":{"raw":{"language":"json"}}},"url":{"raw":"https://day-splunk-hf.caresource.corp:8088/services/collector/event","protocol":"https","host":["day-splunk-hf","caresource","corp"],"port":"8088","path":["services","collector","event"]}},"response":[]}]}