{"info":{"_postman_id":"52c1af1d-6c07-4c28-b752-a282a21a84a9","name":"Facets","description":"Add your service description here\n","schema":"https://schema.getpostman.com/json/collection/v2.1.0/collection.json"},"item":[{"name":"Testing for Inetwork","item":[{"name":"https://caresource-prod-broker-gateway.boomi.cloud:8077/caresource/v1/prd/Provider/","id":"22bc3901-5774-4454-9cc3-2e57ac945c7d","protocolProfileBehavior":{"disableBodyPruning":true},"request":{"auth":{"type":"apikey","apikey":[{"key":"key","value":"x-api-key","type":"string"},{"key":"value","value":"b46ae528-fe2a-4488-a51b-a2c4b2a645d2","type":"string"}]},"method":"POST","header":[{"key":"x-api-key","value":"b46ae528-fe2a-4488-a51b-a2c4b2a645d2","type":"text","disabled":true},{"key":"x-api-key","value":"70d7f3f0-6d04-4b60-b020-3ce0e38ea259","type":"text","disabled":true}],"body":{"mode":"raw","raw":"{}"},"url":{"raw":"https://caresource-prod-broker-gateway.boomi.cloud:8077/caresource/v1/prd/Provider/","protocol":"https","host":["caresource-prod-broker-gateway","boomi","cloud"],"port":"8077","path":["caresource","v1","prd","Provider",""]}},"response":[]}],"id":"13b880d9-e032-4b6f-9d1d-5ea48559f6d3"},{"name":"INT Get Token","id":"d7d26ef7-eda9-4a20-a53a-a6e3efc5c5fb","protocolProfileBehavior":{"disableBodyPruning":true,"disabledSystemHeaders":{"user-agent":true,"accept":true,"accept-encoding":true,"connection":true}},"request":{"auth":{"type":"basic","basic":[{"key":"username","value":"OnBSvcInt","type":"string"},{"key":"password","value":"7b6SQ5b4i5S2f6FUZnadsvWH9A","type":"string"}]},"method":"POST","header":[],"body":{"mode":"raw","raw":"{\r\n\t\"Region\":\"INT_69SVC\",\r\n\t\"FacetsIdentity\":\"INTONBFXI\",\r\n\t\"SignonMethod\":\"F\"\r\n}","options":{"raw":{"language":"json"}}},"url":{"raw":"https://dayintfacsvca.caresource.corp:8081/Restservices/facets/api/v1/security/tokens/","protocol":"https","host":["dayintfacsvca","caresource","corp"],"port":"8081","path":["Restservices","facets","api","v1","security","tokens",""]}},"response":[]},{"name":"CRT Get Token","id":"1fe43cbd-7e97-400a-a65f-495d6f98521b","protocolProfileBehavior":{"disableBodyPruning":true,"disabledSystemHeaders":{"user-agent":true,"accept":true,"accept-encoding":true,"connection":true}},"request":{"auth":{"type":"basic","basic":[{"key":"password","value":"n7YX2RRlZ@o2Ffz5trcChV38z","type":"string"},{"key":"username","value":"OnBSvcCrt","type":"string"}]},"method":"POST","header":[],"body":{"mode":"raw","raw":"{\r\n\t\"Region\":\"CRT_69SVC\",\r\n\t\"FacetsIdentity\":\"CRTONBFXI\",\r\n\t\"SignonMethod\":\"F\"\r\n}","options":{"raw":{"language":"json"}}},"url":{"raw":"https://daycrtfacsvca.caresource.corp:8081/Restservices/facets/api/v1/security/tokens/","protocol":"https","host":["daycrtfacsvca","caresource","corp"],"port":"8081","path":["Restservices","facets","api","v1","security","tokens",""]}},"response":[]},{"name":"PRD Get Token","id":"7e24f30b-051c-40b4-b8f6-683d7cd3919f","protocolProfileBehavior":{"disableBodyPruning":true,"disabledSystemHeaders":{"user-agent":true,"accept":true,"accept-encoding":true,"connection":true}},"request":{"auth":{"type":"basic","basic":[{"key":"username","value":"OnBSvcPrd","type":"string"},{"key":"password","value":"IEucACSnxYr8vH8tytLPko841s","type":"string"}]},"method":"POST","header":[],"body":{"mode":"raw","raw":"{\r\n\t\"Region\":\"PRD_69SVC\",\r\n\t\"FacetsIdentity\":\"PRDONBFXI\",\r\n\t\"SignonMethod\":\"F\"\r\n}","options":{"raw":{"language":"json"}}},"url":{"raw":"https://dayprdfacsvca.caresource.corp:8081/Restservices/facets/api/v1/security/tokens/","protocol":"https","host":["dayprdfacsvca","caresource","corp"],"port":"8081","path":["Restservices","facets","api","v1","security","tokens",""]}},"response":[]}],"variable":[{"id":"e4d2e8a0-04eb-486f-bf25-eba4ddcc074a","key":"SoapEndpointBaseUrl","value":"http://www.example.com","type":"any"}]}