{"info":{"_postman_id":"53008894-f709-4fbb-b1e6-77b91a81c314","name":"Retrieve Copy","schema":"https://schema.getpostman.com/json/collection/v2.1.0/collection.json"},"item":[{"name":"Search","id":"a96ff977-a263-498a-a31a-4b479c081e3b","protocolProfileBehavior":{"disableBodyPruning":true},"request":{"method":"GET","header":[],"url":{"raw":"{{Root URL}}/search?ApplicationName=Document Admin Console&ClassName=DocumentTypes&FilterName=All Documents&Filters[0].name=LetterType&filters[0].value=Administrative Denial IP-Facility","host":["{{Root URL}}"],"path":["search"],"query":[{"key":"ApplicationName","value":"Document Admin Console","type":"text"},{"key":"ClassName","value":"DocumentTypes","type":"text"},{"key":"FilterName","value":"All Documents","type":"text"},{"key":"Filters[0].name","value":"LetterType","type":"text"},{"key":"filters[0].value","value":"Administrative Denial IP-Facility","type":"text"}]}},"response":[]},{"name":"Get by Id","id":"7e32a2e3-30dc-45c6-a25a-9054e31b0100","protocolProfileBehavior":{"disableBodyPruning":true},"request":{"method":"GET","header":[],"url":{"raw":"{{Root URL}}/5399951?ApplicationName=COB Processing&ClassName=COB","host":["{{Root URL}}"],"path":["5399951"],"query":[{"key":"ApplicationName","value":"COB Processing"},{"key":"ClassName","value":"COB"}]}},"response":[]},{"name":"Create","id":"451abd74-c9f0-4d67-ad50-d82bc7d6e4d8","protocolProfileBehavior":{"disableBodyPruning":true},"request":{"method":"POST","header":[],"body":{"mode":"raw","raw":"{\r\n\t\"ObjectId\": 0,\r\n\t\"ApplicationName\": \"COB Processing\",\r\n\t\"ClassName\": \"Contact\",\r\n\t\"Attributes\": [\r\n\t\t{\r\n\t\t\t\"Name\": \"COB\",\r\n\t\t\t\"Value\": \"5400003\"\r\n\r\n\t\t},\r\n\t\t{\r\n\t\t\t\"Name\":\"FirstName\",\r\n\t\t\t\"Value\":\"George\"\r\n\t\t}\r\n\t\t,\r\n\t\t{\r\n\t\t\t\"Name\":\"LastName\",\r\n\t\t\t\"Value\":\"Jungle\"\r\n\t\t}\r\n\t]\r\n}","options":{"raw":{"language":"json"}}},"url":{"raw":"{{Root URL}}/","host":["{{Root URL}}"],"path":[""]}},"response":[]},{"name":"Create Copy","id":"da715ea7-afa1-4ab0-a1e0-643e30aa6f99","protocolProfileBehavior":{"disableBodyPruning":true},"request":{"method":"POST","header":[{"key":"Context","value":"{\"SourceApplication\":\"Postman\",\"CurrentUser\":\"CurrentSighedn in user\"}","type":"text"}],"body":{"mode":"raw","raw":"{\r\n\t\"SourceApplication\": \"Postman\",\r\n\t\"UserId\": \"ACRDEVER\",\r\n\t\"Data\": [\r\n\t\t{\r\n\t\t\t\"ClassName\": \"COB\",\r\n\t\t\t\"Properties\": {\r\n\t\t\t\t\"DateReceived\":\"2022-04-138\",\r\n\t\t\t\t\"Status\":\"New this is a really long status and should not validate\",\r\n\t\t\t\t\"InsuranceType\":\"Medicare A/B/D\"\r\n\t\t\t},\r\n\t\t\t\"Children\": [\r\n\t\t\t\t{\r\n\t\t\t\t\t\"ClassName\":\"Contact\",\r\n\t\t\t\t\t\"Properties\":{\r\n\t\t\t\t\t\t\"FirstNamel\":\"James\",\r\n\t\t\t\t\t\t\"LastNamel\":\"Brown\"\r\n\t\t\t\t\t}\r\n\t\t\t\t}\r\n\t\t\t]\r\n\t\t}\r\n\t]\r\n}","options":{"raw":{"language":"json"}}},"url":{"raw":"{{Root URL}}/create/COB Processing","host":["{{Root URL}}"],"path":["create","COB Processing"]}},"response":[]}],"auth":{"type":"basic","basic":[{"key":"password","value":"{{API Password}}","type":"string"},{"key":"username","value":"{{API User}}","type":"string"}]},"event":[{"listen":"prerequest","script":{"id":"95306894-de22-4f00-852c-9c0e10ded392","type":"text/javascript","exec":[""]}},{"listen":"test","script":{"id":"25910f36-ac44-4b70-a06a-1991ee4a64f4","type":"text/javascript","exec":[""]}}],"variable":[{"id":"0294f54d-c11f-44d7-a054-cc0243aac8ca","key":"Port","value":"57439","type":"string"},{"id":"c1e6715c-a617-4800-97f6-00144ae404f4","key":"Service","value":"Workview","type":"string"},{"id":"077992a2-7496-4050-9a71-22286be132d1","key":"Version","value":"v5","type":"string"},{"id":"04619003-09f7-413b-80e6-ee8a2dea5e46","key":"Controller","value":"Retrieve","type":"string"}]}