{"info":{"_postman_id":"55374f28-61ea-4dda-a231-de44938b233d","name":"Requests","schema":"https://schema.getpostman.com/json/collection/v2.1.0/collection.json"},"item":[{"name":"Search by App and NPI","id":"4968a501-2595-46b3-9da1-b112ce3e14c4","protocolProfileBehavior":{"disableBodyPruning":true},"request":{"method":"GET","header":[],"url":{"raw":"{{HPLC Root URL}}/search/264362/1700894730","host":["{{HPLC Root URL}}"],"path":["search","264362","1700894730"]}},"response":[]},{"name":"Status","id":"f08a2114-a091-4878-b01f-07fd183565d8","protocolProfileBehavior":{"disableBodyPruning":true},"request":{"method":"GET","header":[],"url":{"raw":"{{HPLC Root URL}}/status/39704299","host":["{{HPLC Root URL}}"],"path":["status","39704299"]}},"response":[]},{"name":"Get By Id","id":"78365c38-7cbf-4a64-8c38-de3a20d68905","protocolProfileBehavior":{"disableBodyPruning":true},"request":{"method":"GET","header":[],"url":{"raw":"{{HPLC Root URL}}/38756595","host":["{{HPLC Root URL}}"],"path":["38756595"]}},"response":[{"id":"d999d369-f158-4f14-80bd-88d69906215d","name":"Get By Id","originalRequest":{"method":"GET","header":[],"url":{"raw":"{{HPLC Root URL}}/38757592","host":["{{HPLC Root URL}}"],"path":["38757592"]}},"status":"OK","code":200,"_postman_previewlanguage":"json","header":[{"key":"Cache-Control","value":"no-cache"},{"key":"Pragma","value":"no-cache"},{"key":"Content-Type","value":"application/json; charset=utf-8"},{"key":"Expires","value":"-1"},{"key":"Server","value":"Microsoft-IIS/10.0"},{"key":"api-supported-versions","value":"1, 2"},{"key":"X-AspNet-Version","value":"4.0.30319"},{"key":"X-Powered-By","value":"ASP.NET"},{"key":"Date","value":"Fri, 21 Oct 2022 15:21:37 GMT"},{"key":"Content-Length","value":"495"}],"cookie":[],"responseTime":null,"body":"{\n    \"CareSourceReceivedDate\": \"2022-05-20T00:00:00\",\n    \"ChangeEffectiveDate\": \"0001-01-01T00:00:00\",\n    \"Date\": \"2022-05-20T15:23:12\",\n    \"EntityName\": \"DELETE ME\",\n    \"Id\": 38542650,\n    \"Products\": [],\n    \"Providers\": [\n        {\n            \"ActionType\": \"Adding\",\n            \"DOB\": \"0001-01-01T00:00:00\",\n            \"GroupNPI\": \"1234567890\",\n            \"IsPrimaryCareProvider\": false,\n            \"Locations\": [],\n            \"Name\": \"string\",\n            \"NPI\": \"321654987012\",\n            \"TIN\": \"string\",\n            \"Type\": \"Facility\",\n            \"TelemedicineServicesProvided\": false,\n            \"GroupId\": \"string\",\n            \"ProviderStatus\": \"Received, In Progress\"\n        }\n    ],\n    \"Type\": \"AMENDMENT\"\n}"}]},{"name":"New Request","event":[{"listen":"prerequest","script":{"id":"6b6e5b92-fc45-43cd-8850-d26beaac96e9","exec":["const moment = require('moment');\r","pm.globals.set(\"timestamp\", moment().format(\"yyyy-MM-DD HH:mm:ss\"));"],"type":"text/javascript"}}],"id":"e9e3696e-b287-4d35-b500-c3e3e11eb7ee","protocolProfileBehavior":{"disableBodyPruning":true},"request":{"method":"POST","header":[],"body":{"mode":"raw","raw":"{\r\n\t\"RequestData\": {\r\n\t\t\"CareSourceReceivedDate\": \"2023-07-31T22:27:16.5646225-04:00\",\r\n\t\t\"ChangeEffectiveDate\": \"2023-01-09T00:00:00\",\r\n\t\t\"ContactEmail\": \"hello@risecounselingGroup.com\",\r\n\t\t\"ContactName\": \"Holly Cerney\",\r\n\t\t\"ContactPhone\": \"9376199089\",\r\n\t\t\"EntityName\": \"Rise Counseling Group - CS1806000101 - NPI 1356857403\",\r\n\t\t\"EntityTin\": \"822883888\",\r\n\t\t\"Id\": 0,\r\n\t\t\"Notes\": \"\",\r\n\t\t\"PrimaryState\": null,\r\n\t\t\"Products\": [\r\n\t\t\t{\r\n\t\t\t\t\"Name\": \"OH - Marketplace (Just4me)\",\r\n\t\t\t}\r\n\t\t],\r\n\t\t\"Providers\": [\r\n\t\t\t{\r\n\t\t\t\t\"ActionType\": \"Adding\",\r\n\t\t\t\t\"FirstName\": \"Bailey\",\r\n\t\t\t\t\"MiddleName\": \"\",\r\n\t\t\t\t\"LastName\": \"Varga\",\r\n\t\t\t\t\"ProviderType\": \"Practitioner\",\r\n\t\t\t\t\"DOB\": \"1996-10-09\",\r\n\t\t\t\t\"BoardCertified\": null,\r\n\t\t\t\t\"CAQHNumber\": null,\r\n\t\t\t\t\"Comments\": null,\r\n\t\t\t\t\"DEANumber\": null,\r\n\t\t\t\t\"Degree\": null,\r\n\t\t\t\t\"GroupNPI\": \"1356857403\",\r\n\t\t\t\t\"HospitalAffiliations\": null,\r\n\t\t\t\t\"IsPrimaryCareProvider\": false,\r\n\t\t\t\t\"LicenseNumber\": null,\r\n\t\t\t\t\"Locations\": [\r\n\t\t\t\t\t{\r\n\t\t\t\t\t\t\"ActionType\": \"Add\",\r\n\t\t\t\t\t\t\"Capacity\": 0,\r\n\t\t\t\t\t\t\"City\": \"Dayton\",\r\n\t\t\t\t\t\t\"County\": \"Montgomery\",\r\n\t\t\t\t\t\t\"IsPrimary\": true,\r\n\t\t\t\t\t\t\"Notes\": \"\",\r\n\t\t\t\t\t\t\"PostalCode\": \"45459\",\r\n\t\t\t\t\t\t\"State\": \"OH\",\r\n\t\t\t\t\t\t\"Street1\": \"7031 Corporate Way\",\r\n\t\t\t\t\t\t\"Street2\": \"Ste 103\",\r\n\t\t\t\t\t\t\"Types\": [\r\n\t\t\t\t\t\t\t\"Mailing\",\r\n\t\t\t\t\t\t\t\"Practice\",\r\n\t\t\t\t\t\t\t\"Remit\"\r\n\t\t\t\t\t\t],\r\n\t\t\t\t\t\t\"Phones\": [\r\n\t\t\t\t\t\t\t{\r\n\t\t\t\t\t\t\t\t\"Number\": \"9372656028\",\r\n\t\t\t\t\t\t\t\t\"Type\": \"Fax\",\r\n\t\t\t\t\t\t\t\t\"Id\": 0\r\n\t\t\t\t\t\t\t},\r\n\t\t\t\t\t\t\t{\r\n\t\t\t\t\t\t\t\t\"Number\": \"9376199089\",\r\n\t\t\t\t\t\t\t\t\"Type\": \"Office\",\r\n\t\t\t\t\t\t\t\t\"Id\": 0\r\n\t\t\t\t\t\t\t}\r\n\t\t\t\t\t\t],\r\n\t\t\t\t\t\t\"MinAge\": 0,\r\n\t\t\t\t\t\t\"MaxAge\": 0,\r\n\t\t\t\t\t\t\"GenderRestrictions\": \"\",\r\n\t\t\t\t\t\t\"Id\": 0\r\n\t\t\t\t\t}\r\n\t\t\t\t],\r\n\t\t\t\t\"MedicaidID\": null,\r\n\t\t\t\t\"MedicareID\": null,\r\n\t\t\t\t\"NPI\": \"1881207611\",\r\n\t\t\t\t\"ProviderGroupWebsite\": null,\r\n\t\t\t\t\"ProviderRaceEthnicity\": null,\r\n\t\t\t\t\"SecondarySpecialty\": null,\r\n\t\t\t\t\"Specialty\": \"Lic Pro Clinical Cnslr LPCC\",\r\n\t\t\t\t\"SSN\": \"268020640\",\r\n\t\t\t\t\"TIN\": \"822883888\",\r\n\t\t\t\t\"TelemedicineServicesProvided\": true,\r\n\t\t\t\t\"GroupId\": \"CS1806000101\",\r\n\t\t\t\t\"ProviderStatus\": null,\r\n\t\t\t\t\"Gender\": null,\r\n\t\t\t\t\"SecondaryTaxonomyNumber\": null,\r\n\t\t\t\t\"CSRNumber\": null,\r\n\t\t\t\t\"LicenseState\": null,\r\n\t\t\t\t\"NPSpecialtySupported\": null,\r\n\t\t\t\t\"LocumTenens\": null,\r\n\t\t\t\t\"HospitalBasedPhysician\": null,\r\n\t\t\t\t\"Hospitalist\": null,\r\n\t\t\t\t\"ScopeofPracticeSpecialtyOBGYNandPMPPCP\": null,\r\n\t\t\t\t\"LocationhasNPPAsPracticing\": null,\r\n\t\t\t\t\"GroupTaxonomy\": null,\r\n\t\t\t\t\"WeekendHours\": null,\r\n\t\t\t\t\"EveningHours\": null,\r\n\t\t\t\t\"ServeCSHCN\": null,\r\n\t\t\t\t\"Language\": \"SPANISH\",\r\n\t\t\t\t\"LanguageOther\": null,\r\n\t\t\t\t\"BeenExcludedfromMedicareMedicaid\": null,\r\n\t\t\t\t\"ExclusionReason\": null,\r\n\t\t\t\t\"RenderingProviders\": null,\r\n\t\t\t\t\"Email\": null,\r\n\t\t\t\t\"Id\": 0\r\n\t\t\t}\r\n\t\t],\r\n\t\t\"Status\": null,\r\n\t\t\"SignatoryEmail\": \"info@deasiathompson.com\",\r\n\t\t\"SignatoryName\": \"DeAsia Thompson\",\r\n\t\t\"SignatoryTitle\": \"owner\",\r\n\t\t\"HealthPartnerAgreementType\": null,\r\n\t\t\"Source\": \"PROVIDER PORTAL\",\r\n\t\t\"Type\": \"MAINTENANCE\"\r\n\t},\r\n\t\"CorrelationGuid\": \"dcfdbf09-2f80-40fd-bded-2170aae8b2f4\",\r\n\t\"RequestDateTime\": \"2023-07-31T22:27:16.5646225-04:00\",\r\n\t\"SourceApplication\": \"ProviderPortal\",\r\n\t\"UserId\": \"MsDavis04\"\r\n}","options":{"raw":{"language":"json"}}},"url":{"raw":"{{HPLC Root URL}}","host":["{{HPLC Root URL}}"]}},"response":[]},{"name":"New Request Copy","event":[{"listen":"prerequest","script":{"id":"6b6e5b92-fc45-43cd-8850-d26beaac96e9","exec":["const moment = require('moment');\r","pm.globals.set(\"timestamp\", moment().format(\"yyyy-MM-DD HH:mm:ss\"));"],"type":"text/javascript"}}],"id":"f5dc53e1-2a71-400c-b451-48035753196e","protocolProfileBehavior":{"disableBodyPruning":true},"request":{"method":"POST","header":[],"body":{"mode":"raw","raw":"{\r\n\t\"RequestData\": {\r\n\t\t\"CareSourceReceivedDate\": \"2023-07-31T22:27:16.5646225-04:00\",\r\n\t\t\"ChangeEffectiveDate\": \"2023-01-09T00:00:00\",\r\n\t\t\"ContactEmail\": \"hello@risecounselingGroup.com\",\r\n\t\t\"ContactName\": \"Holly Cerney\",\r\n\t\t\"ContactPhone\": \"9376199089\",\t\t\r\n\t\t\"EntityName\": \"Rise Counseling Group - CS1806000101 - NPI 1356857403\",\r\n\t\t\"EntityTin\": \"822883888\",\r\n\t\t\"Id\": 0,\r\n\t\t\"Notes\": \"\",\r\n\t\t\"PrimaryState\": null,\r\n\t\t\"Products\": [\r\n\t\t\t{\r\n\t\t\t\t\"Name\": \"OH - Marketplace (Just4me)\",\r\n\t\t\t\t\"ProductCode\": null,\r\n\t\t\t\t\"Product\": null,\r\n\t\t\t\t\"State\": null,\r\n\t\t\t\t\"Id\": 0\r\n\t\t\t}\r\n\t\t],\r\n\t\t\"Providers\": [\r\n\t\t\t{\r\n\t\t\t\t\"ActionType\": \"Adding\",\r\n\t\t\t\t\"BoardCertified\": null,\r\n\t\t\t\t\"CAQHNumber\": null,\r\n\t\t\t\t\"Comments\": null,\r\n\t\t\t\t\"DEANumber\": null,\r\n\t\t\t\t\"Degree\": null,\r\n\t\t\t\t\"DOB\": \"1996-10-09T00:00:00\",\r\n\t\t\t\t\"GroupNPI\": \"1356857403\",\r\n\t\t\t\t\"HospitalAffiliations\": null,\r\n\t\t\t\t\"IsPrimaryCareProvider\": false,\r\n\t\t\t\t\"LicenseNumber\": null,\r\n\t\t\t\t\"Locations\": [\r\n\t\t\t\t\t{\r\n\t\t\t\t\t\t\"ActionType\": \"Add\",\r\n\t\t\t\t\t\t\"Capacity\": 0,\r\n\t\t\t\t\t\t\"City\": \"Dayton\",\r\n\t\t\t\t\t\t\"County\": \"Montgomery\",\r\n\t\t\t\t\t\t\"IsPrimary\": true,\r\n\t\t\t\t\t\t\"Notes\": \"\",\r\n\t\t\t\t\t\t\"PostalCode\": \"45459\",\r\n\t\t\t\t\t\t\"State\": \"OH\",\r\n\t\t\t\t\t\t\"Street1\": \"7031 Corporate Way\",\r\n\t\t\t\t\t\t\"Street2\": \"Ste 103\",\r\n\t\t\t\t\t\t\"Types\": [\r\n\t\t\t\t\t\t\t\"Mailing\",\r\n\t\t\t\t\t\t\t\"Practice\",\r\n\t\t\t\t\t\t\t\"Remit\"\r\n\t\t\t\t\t\t],\r\n\t\t\t\t\t\t\"Phones\": [\r\n\t\t\t\t\t\t\t{\r\n\t\t\t\t\t\t\t\t\"Number\": \"9372656028\",\r\n\t\t\t\t\t\t\t\t\"Type\": \"Fax\",\r\n\t\t\t\t\t\t\t\t\"Id\": 0\r\n\t\t\t\t\t\t\t},\r\n\t\t\t\t\t\t\t{\r\n\t\t\t\t\t\t\t\t\"Number\": \"9376199089\",\r\n\t\t\t\t\t\t\t\t\"Type\": \"Office\",\r\n\t\t\t\t\t\t\t\t\"Id\": 0\r\n\t\t\t\t\t\t\t}\r\n\t\t\t\t\t\t],\r\n\t\t\t\t\t\t\"MinAge\": 0,\r\n\t\t\t\t\t\t\"MaxAge\": 0,\r\n\t\t\t\t\t\t\"GenderRestrictions\": \"\",\r\n\t\t\t\t\t\t\"Id\": 0\r\n\t\t\t\t\t}\r\n\t\t\t\t],\r\n\t\t\t\t\"MedicaidID\": null,\r\n\t\t\t\t\"MedicareID\": null,\r\n\t\t\t\t\"FirstName\": \"Bailey\",\r\n\t\t\t\t\"MiddleName\": \"\",\r\n\t\t\t\t\"LastName\": \"Varga\",\r\n\t\t\t\t\"NPI\": \"1881207611\",\r\n\t\t\t\t\"ProviderGroupWebsite\": null,\r\n\t\t\t\t\"ProviderRaceEthnicity\": null,\r\n\t\t\t\t\"SecondarySpecialty\": null,\r\n\t\t\t\t\"Specialty\": \"Lic Pro Clinical Cnslr LPCC\",\r\n\t\t\t\t\"SSN\": \"268020640\",\r\n\t\t\t\t\"TIN\": \"822883888\",\r\n\t\t\t\t\"ProviderType\": \"Practitioner\",\r\n\t\t\t\t\"TelemedicineServicesProvided\": true,\r\n\t\t\t\t\"GroupId\": \"CS1806000101\",\r\n\t\t\t\t\"ProviderStatus\": null,\r\n\t\t\t\t\"Gender\": null,\r\n\t\t\t\t\"SecondaryTaxonomyNumber\": null,\r\n\t\t\t\t\"CSRNumber\": null,\r\n\t\t\t\t\"LicenseState\": null,\r\n\t\t\t\t\"NPSpecialtySupported\": null,\r\n\t\t\t\t\"LocumTenens\": null,\r\n\t\t\t\t\"HospitalBasedPhysician\": null,\r\n\t\t\t\t\"Hospitalist\": null,\r\n\t\t\t\t\"ScopeofPracticeSpecialtyOBGYNandPMPPCP\": null,\r\n\t\t\t\t\"LocationhasNPPAsPracticing\": null,\r\n\t\t\t\t\"GroupTaxonomy\": null,\r\n\t\t\t\t\"WeekendHours\": null,\r\n\t\t\t\t\"EveningHours\": null,\r\n\t\t\t\t\"ServeCSHCN\": null,\r\n\t\t\t\t\"Language\": null,\r\n\t\t\t\t\"LanguageOther\": null,\r\n\t\t\t\t\"BeenExcludedfromMedicareMedicaid\": null,\r\n\t\t\t\t\"ExclusionReason\": null,\r\n\t\t\t\t\"RenderingProviders\": null,\r\n\t\t\t\t\"Email\": null,\r\n\t\t\t\t\"Id\": 0\r\n\t\t\t}\r\n\t\t],\r\n\t\t\"Status\": null,\r\n\t\t\"SignatoryEmail\": \"info@deasiathompson.com\",\r\n\t\t\"SignatoryName\": \"DeAsia Thompson\",\r\n\t\t\"SignatoryTitle\": \"owner\",\r\n\t\t\"HealthPartnerAgreementType\": null,\r\n\t\t\"Source\": \"PROVIDER PORTAL\",\r\n\t\t\"Type\": \"MAINTENANCE\"\r\n\t},\r\n\t\"CorrelationGuid\": \"dcfdbf09-2f80-40fd-bded-2170aae8b2f4\",\r\n\t\"RequestDateTime\": \"2023-07-31T22:27:16.5646225-04:00\",\r\n\t\"SourceApplication\": \"ProviderPortal\",\r\n\t\"UserId\": \"MsDavis04\"\r\n}","options":{"raw":{"language":"json"}}},"url":{"raw":"{{HPLC Root URL}}","host":["{{HPLC Root URL}}"]}},"response":[]},{"name":"New Request Copy","id":"f7043544-934d-4969-9f0f-c3bbcd605e2a","protocolProfileBehavior":{"disableBodyPruning":true},"request":{"method":"POST","header":[],"body":{"mode":"raw","raw":"{\r\n\t\"CareSourceReceivedDate\": \"2023-08-15T08:00:49.1427299-04:00\",\r\n\t\"ChangeEffectiveDate\": \"2023-07-03T00:00:00\",\r\n\t\"ContactEmail\": \"catherine.boutin@changehealthcare.com\",\r\n\t\"ContactName\": \"Cathi Boutin\",\r\n\t\"ContactPhone\": \"5864124361\",\r\n\t\"Date\": \"2023-08-15T08:00:49.1427299-04:00\",\r\n\t\"EntityName\": \"Munster Radiology Group - 351435368026 - NPI 1144207101\",\r\n\t\"EntityTin\": \"351435368\",\r\n\t\"Id\": 0,\r\n\t\"Notes\": \"\",\r\n\t\"PrimaryState\": null,\r\n\t\"Products\": [\r\n\t\t{\r\n\t\t\t\"Name\": \"IN - Marketplace (Just4me)\",\r\n\t\t\t\"ProductCode\": null,\r\n\t\t\t\"Product\": null,\r\n\t\t\t\"State\": null,\r\n\t\t\t\"Id\": 0\r\n\t\t},\r\n\t\t{\r\n\t\t\t\"Name\": \"IN - Medicaid (HHW and HIP)\",\r\n\t\t\t\"ProductCode\": null,\r\n\t\t\t\"Product\": null,\r\n\t\t\t\"State\": null,\r\n\t\t\t\"Id\": 0\r\n\t\t},\r\n\t\t{\r\n\t\t\t\"Name\": \"IN - Medicare Advantage\",\r\n\t\t\t\"ProductCode\": null,\r\n\t\t\t\"Product\": null,\r\n\t\t\t\"State\": null,\r\n\t\t\t\"Id\": 0\r\n\t\t},\r\n\t\t{\r\n\t\t\t\"Name\": \"IN - DSNP / Medicare Advantage\",\r\n\t\t\t\"ProductCode\": null,\r\n\t\t\t\"Product\": null,\r\n\t\t\t\"State\": null,\r\n\t\t\t\"Id\": 0\r\n\t\t}\r\n\t],\r\n\t\"Providers\": [\r\n\t\t{\r\n\t\t\t\"ActionType\": \"Adding\",\r\n\t\t\t\"BoardCertified\": null,\r\n\t\t\t\"CAQHNumber\": \"15873345\",\r\n\t\t\t\"Comments\": null,\r\n\t\t\t\"DEANumber\": \"FF2712710\",\r\n\t\t\t\"Degree\": \"MD\",\r\n\t\t\t\"DOB\": \"1989-10-14T00:00:00\",\r\n\t\t\t\"GroupNPI\": \"1144207101\",\r\n\t\t\t\"HospitalAffiliations\": null,\r\n\t\t\t\"IsPrimaryCareProvider\": false,\r\n\t\t\t\"LicenseNumber\": \"01089681A\",\r\n\t\t\t\"Locations\": [\r\n\t\t\t\t{\r\n\t\t\t\t\t\"ActionType\": \"No Change\",\r\n\t\t\t\t\t\"Capacity\": 0,\r\n\t\t\t\t\t\"City\": \"Munster\",\r\n\t\t\t\t\t\"County\": \"Lake\",\r\n\t\t\t\t\t\"IsPrimary\": true,\r\n\t\t\t\t\t\"Notes\": \"\",\r\n\t\t\t\t\t\"PostalCode\": \"463212901\",\r\n\t\t\t\t\t\"State\": \"IN\",\r\n\t\t\t\t\t\"Street1\": \"901 MacArthur Blvd\",\r\n\t\t\t\t\t\"Street2\": \"\",\r\n\t\t\t\t\t\"Types\": [\r\n\t\t\t\t\t\t\"Mailing\",\r\n\t\t\t\t\t\t\"Practice\"\r\n\t\t\t\t\t],\r\n\t\t\t\t\t\"Phones\": [\r\n\t\t\t\t\t\t{\r\n\t\t\t\t\t\t\t\"Number\": \"2198526260\",\r\n\t\t\t\t\t\t\t\"Type\": \"Fax\",\r\n\t\t\t\t\t\t\t\"Id\": 0\r\n\t\t\t\t\t\t},\r\n\t\t\t\t\t\t{\r\n\t\t\t\t\t\t\t\"Number\": \"2198361600\",\r\n\t\t\t\t\t\t\t\"Type\": \"Office\",\r\n\t\t\t\t\t\t\t\"Id\": 0\r\n\t\t\t\t\t\t}\r\n\t\t\t\t\t],\r\n\t\t\t\t\t\"MinAge\": 0,\r\n\t\t\t\t\t\"MaxAge\": 0,\r\n\t\t\t\t\t\"GenderRestrictions\": \"\",\r\n\t\t\t\t\t\"Id\": 0\r\n\t\t\t\t},\r\n\t\t\t\t{\r\n\t\t\t\t\t\"ActionType\": \"Add\",\r\n\t\t\t\t\t\"Capacity\": 0,\r\n\t\t\t\t\t\"City\": \"Indianapolis\",\r\n\t\t\t\t\t\"County\": \"Marion\",\r\n\t\t\t\t\t\"IsPrimary\": true,\r\n\t\t\t\t\t\"Notes\": \"\",\r\n\t\t\t\t\t\"PostalCode\": \"46206-3248\",\r\n\t\t\t\t\t\"State\": \"IN\",\r\n\t\t\t\t\t\"Street1\": \"PO Box 3428\",\r\n\t\t\t\t\t\"Street2\": \"\",\r\n\t\t\t\t\t\"Types\": [\r\n\t\t\t\t\t\t\"Remit\"\r\n\t\t\t\t\t],\r\n\t\t\t\t\t\"Phones\": [\r\n\t\t\t\t\t\t{\r\n\t\t\t\t\t\t\t\"Number\": \"8667202493\",\r\n\t\t\t\t\t\t\t\"Type\": \"Office\",\r\n\t\t\t\t\t\t\t\"Id\": 0\r\n\t\t\t\t\t\t}\r\n\t\t\t\t\t],\r\n\t\t\t\t\t\"MinAge\": 0,\r\n\t\t\t\t\t\"MaxAge\": 0,\r\n\t\t\t\t\t\"GenderRestrictions\": \"\",\r\n\t\t\t\t\t\"Id\": 0\r\n\t\t\t\t}\r\n\t\t\t],\r\n\t\t\t\"MedicaidID\": \"300079048\",\r\n\t\t\t\"MedicareID\": \"191880013\",\r\n\t\t\t\"FirstName\": \"Jonathan\",\r\n\t\t\t\"MiddleName\": \"\",\r\n\t\t\t\"LastName\": \"Fergus\",\r\n\t\t\t\"NPI\": \"1861924805\",\r\n\t\t\t\"ProviderGroupWebsite\": null,\r\n\t\t\t\"ProviderRaceEthnicity\": \"Choose not to answer\",\r\n\t\t\t\"SecondarySpecialty\": null,\r\n\t\t\t\"Specialty\": \"Diagnostic Radiology\",\r\n\t\t\t\"SSN\": \"621421814\",\r\n\t\t\t\"TIN\": \"351435368\",\r\n\t\t\t\"ProviderType\": \"Practitioner\",\r\n\t\t\t\"TelemedicineServicesProvided\": false,\r\n\t\t\t\"GroupId\": \"351435368026\",\r\n\t\t\t\"ProviderStatus\": null,\r\n\t\t\t\"Gender\": \"Male\",\r\n\t\t\t\"SecondaryTaxonomyNumber\": \"2085R0202X\",\r\n\t\t\t\"CSRNumber\": \"01089681B\",\r\n\t\t\t\"LicenseState\": \"IN\",\r\n\t\t\t\"NPSpecialtySupported\": false,\r\n\t\t\t\"LocumTenens\": false,\r\n\t\t\t\"HospitalBasedPhysician\": true,\r\n\t\t\t\"Hospitalist\": true,\r\n\t\t\t\"ScopeofPracticeSpecialtyOBGYNandPMPPCP\": null,\r\n\t\t\t\"LocationhasNPPAsPracticing\": null,\r\n\t\t\t\"GroupTaxonomy\": null,\r\n\t\t\t\"WeekendHours\": null,\r\n\t\t\t\"EveningHours\": null,\r\n\t\t\t\"ServeCSHCN\": null,\r\n\t\t\t\"Language\": null,\r\n\t\t\t\"LanguageOther\": \"\",\r\n\t\t\t\"BeenExcludedfromMedicareMedicaid\": false,\r\n\t\t\t\"ExclusionReason\": null,\r\n\t\t\t\"RenderingProviders\": null,\r\n\t\t\t\"Email\": \"catherine.boutin@changehealthcare.com\",\r\n\t\t\t\"Id\": 0\r\n\t\t}\r\n\t],\r\n\t\"Status\": null,\r\n\t\"SignatoryEmail\": \"catherine.boutin@changehealthcare.com\",\r\n\t\"SignatoryName\": \"John W Gustaitis Jr.\",\r\n\t\"SignatoryTitle\": \"Authorized signer\",\r\n\t\"HealthPartnerAgreementType\": null,\r\n\t\"Source\": \"PROVIDER PORTAL\",\r\n\t\"Type\": \"MAINTENANCE\"\r\n},\r\n\"CorrelationGuid\": \"fbd24f47-7d45-4e19-a823-2eee12cf7832\",\r\n\"RequestDateTime\": \"2023-08-15T08:00:49.1427299-04:00\",\r\n\"SourceApplication\": \"ProviderPortal\",\r\n\"UserId\": \"Mrgrad1200\"\r\n}\r\n}","options":{"raw":{"language":"json"}}},"url":{"raw":"{{HPLC Root URL}}","host":["{{HPLC Root URL}}"]}},"response":[]},{"name":"New Request Copy-Lipi","id":"467240bb-ed68-4697-993b-f0304d53814f","protocolProfileBehavior":{"disableBodyPruning":true},"request":{"method":"POST","header":[],"body":{"mode":"raw","raw":"{\r\n\t\"RequestData\": {\r\n\t\t\"CareSourceReceivedDate\": \"2023-09-18T15:23:12.232Z\",\r\n\t\t\"ChangeEffectiveDate\": \"2023-02-20T15:23:12.232Z\",\r\n\t\t\"ContactEmail\": \"lipi.contactemail@cc.com\",\r\n\t\t\"ContactName\": \"Contactname TEST TEST\",\r\n\t\t\"ContactPhone\": \"937-952-0280\",\r\n\t\t\"ContactPhoneExtension\": \"123\",\r\n\t\t\"Date\": \"2023-09-18T15:23:12.232Z\",\r\n\t\t\"EntityName\": \"IRS Name\",\r\n\t\t\"EntityTin\": \"545646544\",\r\n\t\t\"DBAName\":\"DbaTest\",\r\n        \"HealthPartnerAgreementType\":\"FQHC\",\r\n\t\t//\"Id\": 0,\r\n\t\t//\"PrimaryState\": \"string\", Not provoided by portal\r\n        \"Notes\": \"Update Website only  Request will be stored in a JSON field. Request ID will be returned to caller.Created status will be returned, HTTP status code of 201, on successful saving of JSON. TEST TEST TEST HPLC\",\r\n\t\t\"Products\": [\r\n\t\t\t// {\r\n            //     \"Name\": \"GA - Medicaid\"\r\n\t\t\t// },\r\n\t\t\t// {\r\n\t\t\t// \t\"Name\": \"NC - Marketplace\"\r\n\t\t\t// },\r\n\t\t\t// {\r\n\t\t\t// \t\"Name\": \"GA - DSNP\"\r\n\t        // }\r\n\t\t\t{\r\n\t\t\t\t\"Name\": \"IN - Marketplace (Just4me)\"\r\n\t\t\t}\r\n\t\t],\r\n\t\t\"Providers\": [\r\n\t\t\t{\r\n\t\t\t\t\"Locations\": [\r\n\t\t\t\t\t{\r\n\t\t\t\t\t\t\"ActionType\": \"Change\",\r\n\t\t\t\t\t\t\"Capacity\": 100,\r\n\t\t\t\t\t\t\"City\": \"Indianapolis\",\r\n\t\t\t\t\t\t\"County\": \"Marion\",\r\n\t\t\t\t\t\t\"IsPrimary\": true,\r\n\t\t\t\t\t\t\"Notes\": \"Test Providder Notes TEST\",\r\n\t\t\t\t\t\t\"PostalCode\": \"462376399\",\r\n\t\t\t\t\t\t\"State\": \"GA\",\r\n\t\t\t\t\t\t\"Street1\": \"5230 E Stop 11 Rd\",\r\n\t\t\t\t\t\t\"Street2\": \"STE 250\",\r\n\t\t\t\t\t\t\"Types\": [\r\n\t\t\t\t\t    \"Practice\",\r\n                        \"Mailing\"\r\n                    \r\n\t\t\t\t\t\t],\r\n\t\t\t\t\t\t\"Phones\": [\r\n\t\t\t\t\t\t\t{\r\n\t\t\t\t\t\t\t\t\"Number\": \"3175286916\",\r\n\t\t\t\t\t\t\t\t\"Type\": \"Fax\"\r\n\t\t\t\t\t\t\t},\r\n                            {\r\n\t\t\t\t\t\t\t\t\"Number\": \"3175288921\",\r\n\t\t\t\t\t\t\t\t\"Type\": \"Office\"\r\n\t\t\t\t\t\t\t}\r\n\t\t\t\t\t\t],\r\n\t\t\t\t\t\t\"MinAge\": 10,\r\n\t\t\t\t\t\t\"MaxAge\": 100,\r\n\t\t\t\t\t\t\"GenderRestrictions\": \"None\"\r\n\t\t\t\t\t},\r\n                    \t\t{\r\n\t\t\t\t\t\t\"ActionType\": \"Delete\",\r\n\t\t\t\t\t\t//\"Capacity\": 0,\r\n\t\t\t\t\t\t\"City\": \"Detroit\",\r\n\t\t\t\t\t\t\"County\": \"Wayne\",\r\n\t\t\t\t\t\t\"IsPrimary\": false,\r\n\t\t\t\t\t\t\"Notes\": \"\",\r\n\t\t\t\t\t\t\"PostalCode\": \"482781076\",\r\n\t\t\t\t\t\t\"State\": \"GA\",\r\n\t\t\t\t\t\t\"Street1\": \"PO Box 781076\",\r\n\t\t\t\t\t\t\"Street2\": \"\",\r\n\t\t\t\t\t\t\"Types\": [\r\n\t\t\t\t\t\t\t\"Remit\"\r\n\t\t\t\t\t\t],\r\n\t\t\t\t\t\t\"Phones\": [\r\n\t\t\t\t\t\t\t{\r\n                              \"Number\": \"3175288921\",\r\n                                \"Type\": \"Fax\"\r\n                            },\r\n                            {\r\n                                \"Number\": \"3175288921\",\r\n                                \"Type\": \"Office\"\r\n                            }\r\n\t\t\t\t\t\t]\r\n\t\t\t\t\t\t//\"MinAge\": 10,\r\n\t\t\t\t\t\t//\"MaxAge\": 100,\r\n                        //\"GenderRestrictions\": \"None\"\r\n\t\t\t\t\t},\r\n                     {\r\n                \"ActionType\": \"Add\",\r\n               \"City\": \"Detroit\",\r\n               \"County\": \"Wayne\",\r\n                \"IsPrimary\": true,\r\n               \"Notes\": \"\",\r\n               \"PostalCode\": \"48278\",\r\n              \"state\": \"NC\",\r\n               \"Street1\": \"PO BOX 781008\",\r\n               \"Street2\": \"\",\r\n               \"Types\": [\r\n                 \"Remit\"\r\n               ],\r\n               \"Phones\": [\r\n                   {\r\n                   \"Number\": \"3175286916\",\r\n                   \"Type\": \"Fax\"\r\n                 },\r\n                 {\r\n                   \"Number\": \"3175288921\",\r\n                   \"Type\": \"Office\"\r\n                 }\r\n\r\n               ]\r\n             }\r\n\r\n            //  {\r\n            //    \"ActionType\": \"No Change\",\r\n            //   \"City\": \"Detroit\",\r\n            //   \"County\": \"Wayne\",\r\n            //  // \"IsPrimary\": true,\r\n            //   \"Notes\": \"\",\r\n            //   \"PostalCode\": \"48278\",\r\n            //   \"state\": \"GA\",\r\n            //   \"Street1\": \"PO BOX 781008\",\r\n            //   \"Street2\": \"\",\r\n            //   \"Type\": [\r\n            //     \"Mailing\"\r\n            //   ],\r\n            //   \"Phones\": [\r\n            //       {\r\n            //       \"Number\": \"3175286916\",\r\n            //       \"Type\": \"Fax\"\r\n            //     },\r\n            //     {\r\n            //       \"Number\": \"3175288921\",\r\n            //       \"Type\": \"Office\"\r\n            //     }\r\n\r\n            //   ]\r\n            // }\r\n\r\n\r\n\t\t\t\t],\r\n                \"ActionType\": \"Adding\",\r\n\t\t\t\t\"BoardCertified\": \"Internal Medicine\",\r\n\t\t\t\t\"CAQHNumber\": \"12154546\",\r\n\t\t\t\t\"Comments\": \"test comment Comment abc\",\r\n\t\t\t\t\"DEANumber\": \"35345dea\",\r\n\t\t\t\t\"Degree\": \"MD\",\r\n\t\t\t\t\"DOB\": \"\",\r\n                \"GroupNPI\": \"\",\r\n\t\t\t\t\"HospitalAffiliations\": \"\",\r\n\t\t\t\t\"IsPrimaryCareProvider\": false,\r\n\t\t\t\t\"LicenseNumber\": \"L34234\",\r\n\t\t\t\t\"MedicaidID\": \"\",\r\n\t\t\t\t\"MedicareID\": \"\",\r\n\t\t\t\t//\"Name\": \"LOckard, Stacey A\",\r\n                \"FirstName\": \"Stacey\",\r\n                \"MiddleName\": \"Gray\",\r\n                \"LastName\": \"Franciscan Physician Network\",\r\n\t\t\t\t\"NPI\": \"1225327984\",\r\n\t\t\t\t\"ProviderGroupWebsite\": \"\",\r\n\t\t\t\t//\"ProviderRaceEthnicity\": \"Asian\",\r\n\t\t\t\t\"SecondarySpecialty\": \"PCP\",\r\n\t\t\t\t//\"Specialty\": \"Internal Medicine\",\r\n\t\t\t\t\"SSN\": \"\",\r\n\t\t\t\t\"TIN\": \"545646544\",\r\n\t\t\t\t\"ProviderType\": \"Practitioner\",\r\n                \"Specialty\": \"Emergency Medicine\",\r\n\t\t\t\t\"TelemedicineServicesProvided\": false,\r\n\t\t\t\t\"GroupId\": \"CS1711400114\",\r\n\t\t\t\t//\"ProviderStatus\": \"\",\r\n                \"Gender\": \"\",\r\n\t\t\t\t\"SecondaryTaxonomyNumber\": \"\",\r\n\t\t\t\t\"CSRNumber\": \"\",\r\n\t\t\t\t\"LicenseState\": \"\",\r\n\t\t\t\t\"NPSpecialtySupported\": \"\",\r\n\t\t\t\t\"LocumTenens\": \"\",\r\n\t\t\t\t\"HospitalBasedPhysician\": \"\",\r\n\t\t\t\t\"Hospitalist\": \"\",\r\n\t\t\t\t\"ScopeofPracticeSpecialtyOBGYNandPMPPCP\": \"\",\r\n                //\"ScopeofPracticeSpecialtyOBGYNandPMPPCP\": true,\r\n\t\t\t\t\"LocationhasNPPAsPracticing\": \"\",\r\n\t\t\t\t\"GroupTaxonomy\": \"\",\r\n\t\t\t\t\"WeekendHours\":\"\",\r\n\t\t\t\t\"EveningHours\":\"\",\r\n\t\t\t\t\"ServeCSHCN\": \"\",\r\n\t\t\t\t//\"Language\": \"English\",\r\n\t\t\t\t//\"LanguageOther\": \"LanguageOtherts\",\r\n\t\t\t\t\"BeenExcludedfromMedicareMedicaid\": \"\",\r\n\t\t\t\t//\"ExclusionReason\": \"ExclusionReason\",\r\n\t\t\t\t\"RenderingProviders\": \"\",\r\n\t\t\t\t\"Email\": \"lipi.aktar@caresource.com\"\r\n\r\n\t\t\t}\r\n\t\t],\r\n\t\t//\"Status\": \"New\",\r\n\t\t\"SignatoryEmail\": \"sigemail@cc.ccc\",\r\n\t\t\"SignatoryName\": \"Signame\",\r\n\t\t\"SignatoryTitle\": \"Sigtitle\",\r\n\t\t\"Source\": \"Provider Portal\",\r\n\t\t\"Type\": \"Maintenance\"\r\n\t},\r\n\t///\"CorrelationGuid\": \"00000000-0000-0000-0000-000000000000\",\r\n   ///\"RequestDateTime\": \"2022-05-20T15:23:12.232Z\",\r\n    \"sourceApplication\": \"string\",\r\n\t\"userId\": \"TestingOnly\"\r\n}","options":{"raw":{"language":"json"}}},"url":{"raw":"{{HPLC Root URL}}","host":["{{HPLC Root URL}}"]}},"response":[]},{"name":"New Request Copy- Sheetal","id":"0ec12709-e29b-45b2-ba0a-6671f53d049c","protocolProfileBehavior":{"disableBodyPruning":true},"request":{"method":"POST","header":[],"body":{"mode":"raw","raw":"{\r\n\t\"RequestData\": {\r\n\t\t\"CareSourceReceivedDate\": \"2023-09-19T22:27:16.5646225-04:00\",\r\n\t\t\"ChangeEffectiveDate\": \"2023-01-09T00:00:00\",\r\n\t\t\"ContactEmail\": \"hello@risecounselingGroup.com\",\r\n\t\t\"ContactName\": \"Holly Cerney\",\r\n\t\t\"ContactPhone\": \"9376199089\",\t\t\r\n\t\t\"EntityName\": \"Rise Counseling Group - CS1806000101 - NPI 1356857403\",\r\n\t\t\"EntityTin\": \"822883888\",\r\n\t\t\"Id\": 0,\r\n\t\t\"Notes\": \"\",\r\n\t\t\"PrimaryState\": null,\r\n\t\t\"Products\": [\r\n\t\t\t{\r\n\t\t\t\t\"Name\": \"OH - Marketplace (Just4me)\"\r\n\t\t\t}\r\n\t\t],\r\n\t\t\"Providers\": [\r\n\t\t\t{\r\n\t\t\t\t\"ActionType\": \"Adding\",\r\n\t\t\t\t\"BoardCertified\": \"YES\",\r\n\t\t\t\t\"CAQHNumber\": \"123456789\",\r\n\t\t\t\t\"Comments\": null,\r\n\t\t\t\t\"DEANumber\": null,\r\n\t\t\t\t\"Degree\": null,\r\n\t\t\t\t\"DOB\": \"1996-10-09T00:00:00\",\r\n\t\t\t\t\"GroupNPI\": \"1356857403\",\r\n\t\t\t\t\"HospitalAffiliations\": null,\r\n\t\t\t\t\"IsPrimaryCareProvider\": false,\r\n\t\t\t\t\"LicenseNumber\": null,\r\n\t\t\t\t\"Locations\": [\r\n\t\t\t\t\t{\r\n\t\t\t\t\t\t\"ActionType\": \"Add\",\r\n\t\t\t\t\t\t\"Capacity\": 8,\r\n\t\t\t\t\t\t\"City\": \"Dayton\",\r\n\t\t\t\t\t\t\"County\": \"Montgomery\",\r\n\t\t\t\t\t\t\"IsPrimary\": true,\r\n\t\t\t\t\t\t\"Notes\": \"\",\r\n\t\t\t\t\t\t\"PostalCode\": \"45459\",\r\n\t\t\t\t\t\t\"State\": \"OH\",\r\n\t\t\t\t\t\t\"Street1\": \"7031 Corporate Way\",\r\n\t\t\t\t\t\t\"Street2\": \"Ste 103\",\r\n\t\t\t\t\t\t\"Types\": [\r\n\t\t\t\t\t\t\t\"Mailing\",\r\n\t\t\t\t\t\t\t\"Practice\",\r\n\t\t\t\t\t\t\t\"Remit\"\r\n\t\t\t\t\t\t],\r\n\t\t\t\t\t\t\"Phones\": [\r\n\t\t\t\t\t\t\t{\r\n\t\t\t\t\t\t\t\t\"Number\": \"9372656028\",\r\n\t\t\t\t\t\t\t\t\"Type\": \"Fax\",\r\n\t\t\t\t\t\t\t\t\"Id\": 0\r\n\t\t\t\t\t\t\t},\r\n\t\t\t\t\t\t\t{\r\n\t\t\t\t\t\t\t\t\"Number\": \"9376199089\",\r\n\t\t\t\t\t\t\t\t\"Type\": \"Office\",\r\n\t\t\t\t\t\t\t\t\"Id\": 0\r\n\t\t\t\t\t\t\t}\r\n\t\t\t\t\t\t],\r\n\t\t\t\t\t\t\"MinAge\": 0,\r\n\t\t\t\t\t\t\"MaxAge\": 0,\r\n\t\t\t\t\t\t\"GenderRestrictions\": \"\",\r\n\t\t\t\t\t\t\"Id\": 0\r\n\t\t\t\t\t}\r\n\t\t\t\t],\r\n\t\t\t\t\"MedicaidID\": \"1234567890\",\r\n\t\t\t\t\"MedicareID\": null,\r\n\t\t\t\t\"FirstName\": \"Bailey\",\r\n\t\t\t\t\"MiddleName\": \"\",\r\n\t\t\t\t\"LastName\": \"Varga\",\r\n\t\t\t\t\"NPI\": \"1881207611\",\r\n\t\t\t\t\"ProviderGroupWebsite\": null,\r\n\t\t\t\t\"ProviderRaceEthnicity\": null,\r\n\t\t\t\t\"SecondarySpecialty\": null,\r\n\t\t\t\t\"Specialty\": \"Acupuncturist\",\r\n\t\t\t\t\"SSN\": \"268020640\",\r\n\t\t\t\t\"TIN\": \"822883888\",\r\n\t\t\t\t\"ProviderType\": \"Practitioner\",\r\n\t\t\t\t\"TelemedicineServicesProvided\": true,\r\n\t\t\t\t\"GroupId\": \"CS1806000101\",\r\n\t\t\t\t\"ProviderStatus\": null,\r\n\t\t\t\t\"Gender\": null,\r\n\t\t\t\t\"SecondaryTaxonomyNumber\": null,\r\n\t\t\t\t\"CSRNumber\": null,\r\n\t\t\t\t\"LicenseState\": null,\r\n\t\t\t\t\"NPSpecialtySupported\": null,\r\n\t\t\t\t\"LocumTenens\": true,\r\n\t\t\t\t\"HospitalBasedPhysician\": true,\r\n\t\t\t\t\"Hospitalist\": true,\r\n\t\t\t\t\"ScopeofPracticeSpecialtyOBGYNandPMPPCP\": null,\r\n\t\t\t\t\"LocationhasNPPAsPracticing\": null,\r\n\t\t\t\t\"GroupTaxonomy\": null,\r\n\t\t\t\t\"WeekendHours\": null,\r\n\t\t\t\t\"EveningHours\": null,\r\n\t\t\t\t\"ServeCSHCN\": null,\r\n\t\t\t\t\"Language\": null,\r\n\t\t\t\t\"LanguageOther\": null,\r\n\t\t\t\t\"BeenExcludedfromMedicareMedicaid\": null,\r\n\t\t\t\t\"ExclusionReason\": null,\r\n\t\t\t\t\"RenderingProviders\": null,\r\n\t\t\t\t\"Email\": null,\r\n\t\t\t\t\"Id\": 0\r\n\t\t\t}\r\n\t\t],\r\n\t\t\"Status\": null,\r\n\t\t\"SignatoryEmail\": \"info@deasiathompson.com\",\r\n\t\t\"SignatoryName\": \"DeAsia Thompson\",\r\n\t\t\"SignatoryTitle\": \"owner\",\r\n\t\t\"HealthPartnerAgreementType\": null,\r\n\t\t\"Source\": \"PROVIDER PORTAL\",\r\n\t\t\"Type\": \"MAINTENANCE\"\r\n\t},\r\n\t\"CorrelationGuid\": \"dcfdbf09-2f80-40fd-bded-2170aae8b2f4\",\r\n\t\"RequestDateTime\": \"2023-07-31T22:27:16.5646225-04:00\",\r\n\t\"SourceApplication\": \"ProviderPortal\",\r\n\t\"UserId\": \"MsDavis04\"\r\n}","options":{"raw":{"language":"json"}}},"url":{"raw":"{{HPLC Root URL}}","host":["{{HPLC Root URL}}"]}},"response":[]},{"name":"Get By NPI and APP #","id":"7706519b-c08e-497d-a28b-e7ec57e7660b","protocolProfileBehavior":{"disableBodyPruning":true},"request":{"method":"GET","header":[],"url":{"raw":"{{HPLC Root URL}}/search/233040/5444444444","host":["{{HPLC Root URL}}"],"path":["search","233040","5444444444"]}},"response":[]}],"auth":{"type":"basic","basic":[{"key":"password","value":"{{API Password}}","type":"string"},{"key":"username","value":"{{API User}}","type":"string"}]},"event":[{"listen":"prerequest","script":{"id":"61ec3fd8-7fd2-4d99-8d56-1759034d7307","type":"text/javascript","exec":["pm.environment.set(","\t\"Random_ProviderId\", ","\t_.random(100000000000, 999999999999));","","pm.environment.set(","\t\"Random_SubscriberId\", ","\t_.random(100000000, 999999999));","","pm.environment.set(","\t\"Random_Ssn\", ","\t_.random(100000000, 999999999));","","pm.environment.set(","\t\"Random_Tin\", ","\t_.random(100000000, 999999999));","","pm.environment.set(","\t\"EnvironmentName\", ","\tpm.environment.name",");","","const moment = require('moment');","pm.environment.set(","\t\"CurrentDate\", ","\tmoment().format(\"YYYY-MM-DDTHH:mm:ss.sssZ\"));","","","let dob = pm.variables.replaceIn('{{$randomDatePast}}');","pm.environment.set(","\t\"Random_DOB\", ","\tmoment(dob).format(\"YYYY-MM-DDTHH:mm:ss.sssZ\",));"]}},{"listen":"test","script":{"id":"f968fcda-cc1f-4c82-94ab-f18e732d2cc1","type":"text/javascript","exec":["pm.test(\"Status code is 200\", function () {","\tpm.response.to.have.status(200);","});","pm.test(\"Response time is less than 2000ms\", function () {","\tpm.expect(pm.response.responseTime).to.be.below(2000);","});"]}}],"variable":[{"id":"000907c8-29aa-4d06-ae8b-be84c4b0e0b9","key":"Service","value":"hplc","type":"string"},{"id":"2cc1bda8-a493-4f2c-b6a5-9a37dec14c4b","key":"Version","value":"v2","type":"string"},{"id":"d6755a66-541d-4132-ba13-06a4b1065487","key":"Controller","value":"request","type":"string"},{"id":"091e8ad6-b480-4bda-b5c0-8dc80505b14a","key":"Port","value":"44311","type":"string"}]}