{"info":{"_postman_id":"5631de26-44f0-4695-9a8d-a52e85e01429","name":"Provider","schema":"https://schema.getpostman.com/json/collection/v2.1.0/collection.json"},"item":[{"name":"Basic Search","id":"5cc68b19-c638-4aca-9407-fdff37215e75","protocolProfileBehavior":{"disableBodyPruning":true},"request":{"method":"GET","header":[],"url":{"raw":"{{Root URL}}/350892672002?sourceApplication=Postman Testing&userId=ACRDEVER&DisplayColumns[0]=Provider TIN","host":["{{Root URL}}"],"path":["350892672002"],"query":[{"key":"sourceApplication","value":"Postman Testing"},{"key":"userId","value":"ACRDEVER"},{"key":"StartDate","value":"2022-10-14","disabled":true},{"key":"enddate","value":"2022-10-14","disabled":true},{"key":"Documenttypes[0]","value":"APPROVAL OP-REQUESTING PROVIDER","disabled":true},{"key":"Documenttypes[1]","value":"Approval OP-Servicing Provider","disabled":true},{"key":"DisplayColumns[0]","value":"Provider TIN"}]}},"response":[]},{"name":"Search By TIN","id":"9d8c6b46-cd48-4c38-bef8-ebea7fa1b8a0","protocolProfileBehavior":{"disableBodyPruning":true},"request":{"method":"GET","header":[],"url":{"raw":"{{Root URL}}/TIN/3508926721?sourceApplication=Postman Testing&userId=ACRDEVER","host":["{{Root URL}}"],"path":["TIN","3508926721"],"query":[{"key":"sourceApplication","value":"Postman Testing"},{"key":"userId","value":"ACRDEVER"},{"key":"StartDate","value":"2022-10-14","disabled":true},{"key":"enddate","value":"2022-10-14","disabled":true},{"key":"Documenttypes[0]","value":"APPROVAL OP-REQUESTING PROVIDER","disabled":true},{"key":"Documenttypes[1]","value":"Approval OP-Servicing Provider","disabled":true},{"key":"DisplayColumns[0]","value":"Claim Number","disabled":true}]}},"response":[]},{"name":"Get Provider","id":"2fcdcf89-2a15-41c8-9846-91520eebac76","protocolProfileBehavior":{"disableBodyPruning":true},"request":{"method":"GET","header":[{"key":"Accept","value":"application/json"}],"url":{"raw":"http://localhost:5000/api/v1/999999999999?SourceApplication=d&UserId=d","protocol":"http","host":["localhost"],"port":"5000","path":["api","v1","999999999999"],"query":[{"key":"SourceApplication","value":"d"},{"key":"UserId","value":"d"}]}},"response":[]},{"name":"Document Types Count","id":"3d07c640-5c54-4ed7-a30a-fbf7fd61d2e4","protocolProfileBehavior":{"disableBodyPruning":true},"request":{"method":"GET","header":[],"url":{"raw":"{{Root URL}}/350892672002/documenttypescount?sourceApplication=Postman Testing&userId=ACRDEVER","host":["{{Root URL}}"],"path":["350892672002","documenttypescount"],"query":[{"key":"sourceApplication","value":"Postman Testing"},{"key":"userId","value":"ACRDEVER"}]}},"response":[]},{"name":"Total Record Count","id":"d19ddd26-92d5-4a71-8678-39b58f048f15","protocolProfileBehavior":{"disableBodyPruning":true},"request":{"method":"GET","header":[],"url":{"raw":"{{Root URL}}/350892672002/totalRecordCount?sourceApplication=Postman Testing&userId=ACRDEVER","host":["{{Root URL}}"],"path":["350892672002","totalRecordCount"],"query":[{"key":"sourceApplication","value":"Postman Testing"},{"key":"userId","value":"ACRDEVER"}]}},"response":[]}],"auth":{"type":"basic","basic":[{"key":"password","value":"{{API Password}}","type":"string"},{"key":"username","value":"{{API User}}","type":"string"}]},"event":[{"listen":"prerequest","script":{"id":"f62a30e3-978a-4114-81ab-ba5e818c5848","type":"text/javascript","exec":[""]}},{"listen":"test","script":{"id":"806ed31a-fec4-4847-9043-55dfa4a94262","type":"text/javascript","exec":[""]}}],"variable":[{"id":"aedbc70e-04e3-4a1a-9bc0-6debd2e51583","key":"Port","value":"59578","type":"string"},{"id":"653db198-1a32-483e-bd4e-c2e6da760e18","key":"Service","value":"Document","type":"string"},{"id":"6e9214fc-ba07-4e8f-97b0-a08dd7fa818d","key":"Version","value":"v5","type":"string"},{"id":"234f6d9c-ff94-4bf9-8406-f228cdba3449","key":"Controller","value":"Provider","type":"string"}]}