{"info":{"_postman_id":"57e8ad3a-7a68-41e9-be07-5375fcbdf281","name":"Document","schema":"https://schema.getpostman.com/json/collection/v2.1.0/collection.json"},"item":[{"name":"Basic Search Copy","event":[{"listen":"test","script":{"id":"accfeb1b-670b-44f0-98fd-1b5df6384b8d","exec":["pm.test(\"Your test name\", function () {\r","\tvar jsonData = pm.response.json();\r","\tpm.expect(jsonData.value).to.eql(100);\r","});"],"type":"text/javascript"}}],"id":"e2c5caa1-60dd-4f82-8454-2faf3036da46","protocolProfileBehavior":{"disableBodyPruning":true},"request":{"method":"GET","header":[],"url":{"raw":"{{Root URL}}/Search?sourceApplication=Postman Testing&userId=ACRDEVER&DisplayColumns[0]=Input Sourcedd&correlationGuid={{$guid}}&DocumentTypes=CL - Medical Records&StartDate=2021-11-01&enddate=2021-11-30","host":["{{Root URL}}"],"path":["Search"],"query":[{"key":"sourceApplication","value":"Postman Testing"},{"key":"userId","value":"ACRDEVER"},{"key":"DocumentTypes[0]","value":"CL - Equian Provider Packet","disabled":true},{"key":"DisplayColumns[0]","value":"Input Sourcedd"},{"key":"DisplayColumns[1]","value":"Subscriber ID","disabled":true},{"key":"DisplayColumns[2]","value":"Claim Number","disabled":true},{"key":"DisplayColumns[3]","value":"EID Flag","disabled":true},{"key":"Filters[0].name","value":"Claim Number","disabled":true},{"key":"filters[0].value","value":"22313048c400","disabled":true},{"key":"filters[1].name","value":"Member Facing","disabled":true},{"key":"correlationGuid","value":"{{$guid}}"},{"key":"sorting.columnname","value":"EID Flag","type":"text","disabled":true},{"key":"sorting.ascending","value":"false","type":"text","disabled":true},{"key":"DocumentTypes","value":"CL - Medical Records"},{"key":"StartDate","value":"2021-11-01"},{"key":"enddate","value":"2021-11-30"}]}},"response":[]},{"name":"Basic Search Copy 2","id":"421c5fbb-e277-47da-bd0d-d42010aaf18e","protocolProfileBehavior":{"disableBodyPruning":true},"request":{"method":"GET","header":[],"url":{"raw":"{{Root URL}}/Search?sourceApplication=Postman Testing&userId=ACRDEVER&DisplayColumns[0]=Benefit Year&DisplayColumns[1]=Subscriber ID&DisplayColumns[2]=Claim Number&DisplayColumns[3]=EID Flag&Filters[0].name=Subscriber ID&filters[0].value=109240214","host":["{{Root URL}}"],"path":["Search"],"query":[{"key":"sourceApplication","value":"Postman Testing"},{"key":"userId","value":"ACRDEVER"},{"key":"DocumentTypes[0]","value":"CL - Equian Provider Packet","disabled":true},{"key":"DisplayColumns[0]","value":"Benefit Year"},{"key":"DisplayColumns[1]","value":"Subscriber ID"},{"key":"DisplayColumns[2]","value":"Claim Number"},{"key":"DisplayColumns[3]","value":"EID Flag"},{"key":"Filters[0].name","value":"Subscriber ID"},{"key":"filters[0].value","value":"109240214"},{"key":"filters[1].name","value":"Member Facing","disabled":true},{"key":"correlationGuid","value":"c76b3f30-b192-4aff-af8f-ccf3786ae095","disabled":true},{"key":"sorting.columnname","value":"EID Flag","type":"text","disabled":true},{"key":"sorting.ascending","value":"false","type":"text","disabled":true}]}},"response":[]},{"name":"AR Invoices & Dunning","id":"e5eb6c6e-6387-476a-8fa9-8f931c82fe04","protocolProfileBehavior":{"disableBodyPruning":true},"request":{"method":"GET","header":[],"url":{"raw":"{{Root URL}}Search?userId=ACRDEVER&sourceApplication=Postman Testing&StartDate=2022-08-19&EndDate=2022-09-22&documenttypes[0]=AR - Invoices&DisplayColumns=Subscriber ID&DisplayColumns=Member Suffix&DisplayColumns=Correspondence ID&Filters[0].name=Status&Filters[0].value=I&Paging.pagesize=10&paging.pagenumber=1","host":["{{Root URL}}Search"],"query":[{"key":"userId","value":"ACRDEVER"},{"key":"sourceApplication","value":"Postman Testing"},{"key":"StartDate","value":"2022-08-19"},{"key":"EndDate","value":"2022-09-22"},{"key":"documenttypes[0]","value":"AR - Dunning Letters","disabled":true},{"key":"documenttypes[0]","value":"AR - Invoices"},{"key":"DisplayColumns","value":"Subscriber ID"},{"key":"DisplayColumns","value":"Member Suffix"},{"key":"DisplayColumns","value":"Correspondence ID"},{"key":"DisplayColumns","value":"Status - Print","disabled":true},{"key":"DisplayColumns","value":"Status - Text","disabled":true},{"key":"DisplayColumns","value":"Status - Email","disabled":true},{"key":"DisplayColumns","value":"Status - Voice","disabled":true},{"key":"DisplayColumns","value":"Batch %23","disabled":true},{"key":"DisplayColumns","value":"Batch Date","disabled":true},{"key":"Filters[0].name","value":"Status"},{"key":"Filters[0].value","value":"I"},{"key":"filters[0].name","value":"Status - AMFA","disabled":true},{"key":"filters[0].value","value":"BATCH","disabled":true},{"key":"Paging.pagesize","value":"10"},{"key":"paging.pagenumber","value":"1"}]}},"response":[]},{"name":"New Request","id":"04870cee-c466-4f0f-a765-e096ff3c9b21","protocolProfileBehavior":{"disableBodyPruning":true},"request":{"method":"GET","header":[],"url":{"raw":"{{Root URL}}123594406?userid=ACRDEVER&SourceApplication=INC testing Postman","host":["{{Root URL}}123594406"],"query":[{"key":"userid","value":"ACRDEVER","type":"text"},{"key":"SourceApplication","value":"INC testing Postman","type":"text"}]}},"response":[]},{"name":"New Request","id":"1d86c8ed-f342-4f2a-b485-b555e790f85a","protocolProfileBehavior":{"disableBodyPruning":true},"request":{"method":"GET","header":[],"url":{"raw":"https://dayprdonapiwebsvc.caresource.corp/document/api/v5/search?request.paging.pageSize=10&request.userId=PortalServices-MobileMyCareSourceUser&request.filters[0].Name=Subscriber ID&request.filters[0].Value=108678260&request.filters[1].Name=Member Suffix&request.filters[1].Value=00&request.filters[2].Name=Member Facing&request.filters[3].Name=Claim Number&request.filters[3].Value=572925647035954688&request.filters[4].Name=Claim Number&request.filters[4].Value=40624366599523688&request.filters[5].Name=Claim Number&request.filters[5].Value=337200743087692672&request.filters[6].Name=Claim Number&request.filters[6].Value=104938993745287584&request.filters[7].Name=Claim Number&request.filters[7].Value=837530874595977600&request.filters[8].Name=Claim Number&request.filters[8].Value=847380530813638528&request.filters[9].Name=Claim Number&request.filters[9].Value=467982988743214592&request.filters[10].Name=Claim Number&request.filters[10].Value=726386778222972544&request.filters[11].Name=Claim Number&request.filters[11].Value=255344640894789504&request.filters[12].Name=Claim Number&request.filters[12].Value=17373433551087490&request.displayColumns%5B0%5D=Posted%20Date&request.displayColumns%5B1%5D=Archive%20Only&request.displayColumns%5B2%5D=Correspondence%20ID&request.displayColumns%5B3%5D=EID%20Flag&request.displayColumns%5B4%5D=GUID&request.displayColumns%5B5%5D=Subscriber%20ID&request.displayColumns%5B6%5D=Member%20Suffix&request.displayColumns%5B7%5D=Member%20Facing&request.displayColumns%5B8%5D=Claim%20Number&request.sourceApplication=PortalServices","protocol":"https","host":["dayprdonapiwebsvc","caresource","corp"],"path":["document","api","v5","search"],"query":[{"key":"request.paging.pageSize","value":"10"},{"key":"request.userId","value":"PortalServices-MobileMyCareSourceUser"},{"key":"request.filters[0].Name","value":"Subscriber ID"},{"key":"request.filters[0].Value","value":"108678260"},{"key":"request.filters[1].Name","value":"Member Suffix"},{"key":"request.filters[1].Value","value":"00"},{"key":"request.filters[2].Name","value":"Member Facing"},{"key":"request.filters[3].Name","value":"Claim Number"},{"key":"request.filters[3].Value","value":"572925647035954688"},{"key":"request.filters[4].Name","value":"Claim Number"},{"key":"request.filters[4].Value","value":"40624366599523688"},{"key":"request.filters[5].Name","value":"Claim Number"},{"key":"request.filters[5].Value","value":"337200743087692672"},{"key":"request.filters[6].Name","value":"Claim Number"},{"key":"request.filters[6].Value","value":"104938993745287584"},{"key":"request.filters[7].Name","value":"Claim Number"},{"key":"request.filters[7].Value","value":"837530874595977600"},{"key":"request.filters[8].Name","value":"Claim Number"},{"key":"request.filters[8].Value","value":"847380530813638528"},{"key":"request.filters[9].Name","value":"Claim Number"},{"key":"request.filters[9].Value","value":"467982988743214592"},{"key":"request.filters[10].Name","value":"Claim Number"},{"key":"request.filters[10].Value","value":"726386778222972544"},{"key":"request.filters[11].Name","value":"Claim Number"},{"key":"request.filters[11].Value","value":"255344640894789504"},{"key":"request.filters[12].Name","value":"Claim Number"},{"key":"request.filters[12].Value","value":"17373433551087490"},{"key":"request.displayColumns%5B0%5D","value":"Posted%20Date"},{"key":"request.displayColumns%5B1%5D","value":"Archive%20Only"},{"key":"request.displayColumns%5B2%5D","value":"Correspondence%20ID"},{"key":"request.displayColumns%5B3%5D","value":"EID%20Flag"},{"key":"request.displayColumns%5B4%5D","value":"GUID"},{"key":"request.displayColumns%5B5%5D","value":"Subscriber%20ID"},{"key":"request.displayColumns%5B6%5D","value":"Member%20Suffix"},{"key":"request.displayColumns%5B7%5D","value":"Member%20Facing"},{"key":"request.displayColumns%5B8%5D","value":"Claim%20Number"},{"key":"request.sourceApplication","value":"PortalServices"}]}},"response":[]},{"name":"New Request","id":"1fc067f8-3474-4f2c-814c-79f13876bfa9","protocolProfileBehavior":{"disableBodyPruning":true},"request":{"method":"GET","header":[],"url":{"raw":"{{Root URL}}123980970?sourceapplication=e&userid=c","host":["{{Root URL}}123980970"],"query":[{"key":"sourceapplication","value":"e"},{"key":"userid","value":"c"}]}},"response":[]},{"name":"Upload - File Link","id":"779c3433-00d5-449b-88f8-2634d986c5e3","protocolProfileBehavior":{"disableBodyPruning":true},"request":{"method":"POST","header":[],"body":{"mode":"raw","raw":"{\r\n\t\"RequestData\": {\r\n\t\t\"FileName\": \"28fcdf89-d769-4c03-bf28-75b6c6fe324c3724822825.pdf\",\r\n\t\t\"DocumentType\": \"CL - Medical Records\",\r\n\t\t\"Keywords\": {\r\n\t\t\t\"Subscriber ID\":\"110058976\"\r\n\t\t}\r\n\t},\r\n\t\"SourceApplication\": \"string\",\r\n\t\"UserId\": \"string\"\r\n}","options":{"raw":{"language":"json"}}},"url":{"raw":"{{Root URL}}/filelink/","host":["{{Root URL}}"],"path":["filelink",""]}},"response":[]}],"auth":{"type":"basic","basic":[{"key":"password","value":"{{API Password}}","type":"string"},{"key":"username","value":"{{API User}}","type":"string"}]},"event":[{"listen":"prerequest","script":{"id":"f29423b3-934a-40af-aaa7-32c30b0f50e9","type":"text/javascript","exec":["var env = pm.variables.get(\"Environment\");","if(env === \"Local\"){","\tpm.environment.set(\"Controller\", \"\");","}"]}},{"listen":"test","script":{"id":"d975fb95-8744-487c-8dec-2b0fba83e9e1","type":"text/javascript","exec":[""]}}],"variable":[{"id":"2f8a4f88-b440-41bc-9c3d-f5aca504d86d","key":"Port","value":"59578","type":"string"},{"id":"c2fef54d-a19b-4f84-bc76-ccd3db2c53da","key":"Service","value":"Document","type":"string"},{"id":"10ec5f7d-516a-40e8-a99c-a60bd832fbd9","key":"Version","value":"v5","type":"string"},{"id":"7e71874a-ea7c-4a79-abe1-a2896335084a","key":"Controller","value":"","type":"string"}]}