{"info":{"_postman_id":"5bed6328-62f1-4b72-a341-32bdb7851702","name":"Member","schema":"https://schema.getpostman.com/json/collection/v2.1.0/collection.json"},"item":[{"name":"Basic Search","id":"9ae5055f-a545-4930-b0ff-04de91af43a9","protocolProfileBehavior":{"disableBodyPruning":true},"request":{"method":"GET","header":[],"url":{"raw":"{{Root URL}}/80001196900?sourceApplication=Postman Testing&userId=ACRDEVER","host":["{{Root URL}}"],"path":["80001196900"],"query":[{"key":"sourceApplication","value":"Postman Testing"},{"key":"userId","value":"ACRDEVER"},{"key":"filters[1].Name","value":"ID","disabled":true},{"key":"filters[1].Value","value":"123456789012","disabled":true}]}},"response":[]},{"name":"Document Types Count","id":"7215502a-4bb7-40e4-8d40-58a034d20355","protocolProfileBehavior":{"disableBodyPruning":true},"request":{"method":"GET","header":[],"url":{"raw":"{{Root URL}}/800011969002/documenttypescount?sourceApplication=Postman Testing&userId=ACRDEVER","host":["{{Root URL}}"],"path":["800011969002","documenttypescount"],"query":[{"key":"sourceApplication","value":"Postman Testing"},{"key":"userId","value":"ACRDEVER"}]}},"response":[]},{"name":"Total Record Count","id":"34bbe089-d9cf-41d3-a8b8-886bb9f935e7","protocolProfileBehavior":{"disableBodyPruning":true},"request":{"method":"GET","header":[],"url":{"raw":"{{Root URL}}/80001196900/totalRecordCount?sourceApplication=Postman Testing&userId=ACRDEVER","host":["{{Root URL}}"],"path":["80001196900","totalRecordCount"],"query":[{"key":"sourceApplication","value":"Postman Testing"},{"key":"userId","value":"ACRDEVER"}]}},"response":[]}],"auth":{"type":"basic","basic":[{"key":"password","value":"{{API Password}}","type":"string"},{"key":"username","value":"{{API User}}","type":"string"}]},"event":[{"listen":"prerequest","script":{"id":"2191e68c-84f1-43fa-b989-4732a868c420","type":"text/javascript","exec":[""]}},{"listen":"test","script":{"id":"f720ae6c-fe03-4022-9e4f-03ed10255d1f","type":"text/javascript","exec":[""]}}],"variable":[{"id":"8d236377-0328-421c-846e-5ff194ca8b77","key":"Port","value":"59578","type":"string"},{"id":"eccd663d-ee08-4adf-bf78-aad59383d736","key":"Service","value":"Document","type":"string"},{"id":"6247dd6f-b415-4c1b-9e1e-c90c39ad8766","key":"Version","value":"v5","type":"string"},{"id":"2169c007-a5a1-4b47-9a3f-f5b9a6a96543","key":"Controller","value":"Member","type":"string"}]}