{"info":{"_postman_id":"65b8efe0-8754-415d-bcf3-7b3ce09bf3ae","name":"WorkView v4 Copy","schema":"https://schema.getpostman.com/json/collection/v2.1.0/collection.json"},"item":[{"name":"Search","id":"8516c705-bca4-4b83-be32-e87c3ab31d77","protocolProfileBehavior":{"disableBodyPruning":true},"request":{"method":"GET","header":[],"url":{"raw":"{{Root URL}}/search?ApplicationName=Document Admin Console&ClassName=DocumentTypes&FilterName=All Documents&Filters[0].name=LetterType&filters[0].value=Administrative Denial IP-Facility","host":["{{Root URL}}"],"path":["search"],"query":[{"key":"ApplicationName","value":"Document Admin Console","type":"text"},{"key":"ClassName","value":"DocumentTypes","type":"text"},{"key":"FilterName","value":"All Documents","type":"text"},{"key":"Filters[0].name","value":"LetterType","type":"text"},{"key":"filters[0].value","value":"Administrative Denial IP-Facility","type":"text"}]}},"response":[]},{"name":"Get by Id","id":"442117dc-5939-40f2-983c-0d837e35c848","protocolProfileBehavior":{"disableBodyPruning":true},"request":{"method":"GET","header":[],"url":{"raw":"{{Root URL}}/5399951?ApplicationName=COB Processing&ClassName=COB","host":["{{Root URL}}"],"path":["5399951"],"query":[{"key":"ApplicationName","value":"COB Processing"},{"key":"ClassName","value":"COB"}]}},"response":[]},{"name":"Contact","id":"3edf6900-203a-47db-bce7-74768ca32f3f","protocolProfileBehavior":{"disableBodyPruning":true},"request":{"method":"POST","header":[],"body":{"mode":"raw","raw":"{\r\n\t\"ObjectId\": 0,\r\n\t\"ApplicationName\": \"COB Processing\",\r\n\t\"ClassName\": \"Contact\",\r\n\t\"Attributes\": [\r\n\t\t{\r\n\t\t\t\"Name\": \"COB\",\r\n\t\t\t\"Value\": \"5400003\"\r\n\r\n\t\t},\r\n\t\t{\r\n\t\t\t\"Name\":\"FirstName\",\r\n\t\t\t\"Value\":\"George\"\r\n\t\t}\r\n\t\t,\r\n\t\t{\r\n\t\t\t\"Name\":\"LastName\",\r\n\t\t\t\"Value\":\"Jungle\"\r\n\t\t}\r\n\t]\r\n}","options":{"raw":{"language":"json"}}},"url":{"raw":"{{Root URL}}/","host":["{{Root URL}}"],"path":[""]}},"response":[]},{"name":"COB","id":"98feb8a3-7003-483a-9acc-10e0da1585bf","protocolProfileBehavior":{"disableBodyPruning":true},"request":{"method":"POST","header":[],"body":{"mode":"raw","raw":"{\r\n\t\"ObjectId\": 0,\r\n\t\"ApplicationName\": \"COB Processing\",\r\n\t\"ClassName\": \"COB\",\r\n\t\"Attributes\": [\r\n\t\t{\r\n\t\t\t\"Name\": \"DateReceived\",\r\n\t\t\t\"Value\": \"2022-04-12\"\r\n\t\t},\r\n\t\t{\r\n\t\t\t\"Name\": \"Status\",\r\n\t\t\t\"Value\": \"New\"\r\n\t\t},\r\n\t\t{\r\n\t\t\t\"Name\": \"InsuranceType\",\r\n\t\t\t\"Value\": \"Medicare A/B\"\r\n\t\t}\r\n\t]\r\n}","options":{"raw":{"language":"json"}}},"url":{"raw":"{{Root URL}}/COB Processing?SourceApplication=Postman","host":["{{Root URL}}"],"path":["COB Processing"],"query":[{"key":"SourceApplication","value":"Postman"}]}},"response":[]}],"auth":{"type":"basic","basic":[{"key":"password","value":"{{API Password}}","type":"string"},{"key":"username","value":"{{API User}}","type":"string"}]},"event":[{"listen":"prerequest","script":{"id":"9e2bda56-3a1c-48de-bdfe-19a58234e209","type":"text/javascript","exec":[""]}},{"listen":"test","script":{"id":"a135f229-53c7-41dc-b928-0287dfe5c361","type":"text/javascript","exec":[""]}}],"variable":[{"id":"2f32e959-ede6-4a14-a1e1-e98473b0e0c7","key":"Port","value":"57439","type":"string"},{"id":"ba39ae0f-0c04-4e3f-909b-05767fb15b72","key":"Service","value":"Workview","type":"string"},{"id":"ea22dd3a-1833-471b-a242-1c23e4d620df","key":"Version","value":"v4","type":"string"},{"id":"d9257492-3f38-4675-8e2f-f3795fde26bb","key":"Controller","value":"","type":"string"}]}