{"info":{"_postman_id":"65c45e7a-711e-43ea-97ae-ab7bdaef6513","name":"Keywords","schema":"https://schema.getpostman.com/json/collection/v2.1.0/collection.json"},"item":[{"name":"Update","event":[{"listen":"prerequest","script":{"id":"e60f403c-9751-4d9c-b444-a2bd5953a9d3","exec":["pm.test(\"environment to be production\", function () {\r","    pm.expect(pm.environment.get(\"env\")).to.not.equal(\"prd\");\r","\t \r","});\r",""],"type":"text/javascript"}}],"id":"60426626-884d-462f-a2eb-b8dc082cd8c3","protocolProfileBehavior":{"disableBodyPruning":true},"request":{"method":"PUT","header":[],"body":{"mode":"raw","raw":"{\r\n\t\"RequestData\": [\r\n\t\t{\r\n\t\t\t\"DocumentId\": 120995520,\r\n\t\t\t\"Keywords\": {\r\n\t\t\t\t\"Status - Print\": \"BATCH\"\r\n\t\t\t}\r\n\t\t},\r\n\t\t{\r\n\t\t\t\"DocumentId\": 120995432,\r\n\t\t\t\"Keywords\": {\r\n\t\t\t\t\"Status - Print\": \"READY\"\r\n\t\t\t}\r\n\t\t},\r\n\t\t{\r\n\t\t\t\"DocumentId\": 120995426,\r\n\t\t\t\"Keywords\": {\r\n\t\t\t\t\"Status - Print\": \"READY\"\r\n\t\t\t}\r\n\t\t},\r\n\t\t{\r\n\t\t\t\"DocumentId\": 120994123,\r\n\t\t\t\"Keywords\": {\r\n\t\t\t\t\"Status - Print\": \"READY\"\r\n\t\t\t}\r\n\t\t},\r\n\t\t{\r\n\t\t\t\"DocumentId\": 120994116,\r\n\t\t\t\"Keywords\": {\r\n\t\t\t\t\"Status - Print\": \"READY\"\r\n\t\t\t}\r\n\t\t},\r\n\t\t{\r\n\t\t\t\"DocumentId\": 120994113,\r\n\t\t\t\"Keywords\": {\r\n\t\t\t\t\"Status - Print\": \"READY\"\r\n\t\t\t}\r\n\t\t},\r\n\t\t{\r\n\t\t\t\"DocumentId\": 120994101,\r\n\t\t\t\"Keywords\": {\r\n\t\t\t\t\"Status - Print\": \"READY\"\r\n\t\t\t}\r\n\t\t},\r\n\t\t{\r\n\t\t\t\"DocumentId\": 120994088,\r\n\t\t\t\"Keywords\": {\r\n\t\t\t\t\"Status - Print\": \"READY\"\r\n\t\t\t}\r\n\t\t},\r\n\t\t{\r\n\t\t\t\"DocumentId\": 120994078,\r\n\t\t\t\"Keywords\": {\r\n\t\t\t\t\"Status - Print\": \"READY\"\r\n\t\t\t}\r\n\t\t},\r\n\t\t{\r\n\t\t\t\"DocumentId\": 120994064,\r\n\t\t\t\"Keywords\": {\r\n\t\t\t\t\"Status - Print\": \"READY\"\r\n\t\t\t}\r\n\t\t}\r\n\t],\r\n\t\"SourceApplication\": \"Put what you want here\",\r\n\t\"UserId\": \"some Random user\"\r\n}","options":{"raw":{"language":"json"}}},"url":{"raw":"{{Root URL}}/Update","host":["{{Root URL}}"],"path":["Update"]}},"response":[]},{"name":"GetKeywordsById","id":"844605e1-a6ae-474f-bb02-d0c16ea720ce","protocolProfileBehavior":{"disableBodyPruning":true},"request":{"method":"GET","header":[],"url":{"raw":"{{Root URL}}/138556713?SourceApplication=Postman Testing&UserId=ACRDEVER","host":["{{Root URL}}"],"path":["138556713"],"query":[{"key":"SourceApplication","value":"Postman Testing"},{"key":"UserId","value":"ACRDEVER"},{"key":"DisplayColumns[0]","value":"Status - Print","disabled":true}]}},"response":[]}],"auth":{"type":"basic","basic":[{"key":"password","value":"{{API Password}}","type":"string"},{"key":"username","value":"{{API User}}","type":"string"}]},"event":[{"listen":"prerequest","script":{"id":"878fe8de-395f-42a5-a0f6-05c423a2ad74","type":"text/javascript","exec":[""]}},{"listen":"test","script":{"id":"8da5df60-7ead-4f9a-afbb-025805e2fc75","type":"text/javascript","exec":[""]}}],"variable":[{"id":"2e686832-6c09-4fbe-9c14-8a0eaadb20ef","key":"Port","value":"59578","type":"string"},{"id":"c113e3ab-d7cc-465d-8609-088cfa585497","key":"Service","value":"Document","type":"string"},{"id":"ec5e0511-1949-4259-b91c-ce621ccf5304","key":"Version","value":"v5","type":"string"},{"id":"f486dc1d-c793-4540-808a-a6e0121d84d6","key":"Controller","value":"Keywords","type":"string"}]}