{"info":{"_postman_id":"735d0224-bd82-4c7f-b9d5-bde124691097","name":"Requests","schema":"https://schema.getpostman.com/json/collection/v2.1.0/collection.json"},"item":[{"name":"Search by App and NPI","id":"6e1ecf58-4238-470d-a91d-8c4f6a742439","protocolProfileBehavior":{"disableBodyPruning":true},"request":{"method":"GET","header":[],"url":{"raw":"{{HPLC Root URL}}/search/232938/1598021115","host":["{{HPLC Root URL}}"],"path":["search","232938","1598021115"]}},"response":[]},{"name":"Status","id":"b7cac393-249a-4222-aad5-edc1037fabb6","protocolProfileBehavior":{"disableBodyPruning":true},"request":{"method":"GET","header":[],"url":{"raw":"{{HPLC Root URL}}/status/39689086","host":["{{HPLC Root URL}}"],"path":["status","39689086"]}},"response":[]},{"name":"Get By Id","id":"5b68ec24-7cb1-47ef-9d01-149d56e4b398","protocolProfileBehavior":{"disableBodyPruning":true},"request":{"method":"GET","header":[],"url":{"raw":"{{HPLC Root URL}}/39696491","host":["{{HPLC Root URL}}"],"path":["39696491"]}},"response":[]},{"name":"New Request","id":"d9caecf5-8e84-48db-955f-d3f9ebb4fc63","protocolProfileBehavior":{"disableBodyPruning":true},"request":{"method":"POST","header":[],"body":{"mode":"raw","raw":"{\r\n\t\"RequestData\": {\r\n\t\t//\"CareSourceReceivedDate\": \"2022-05-20T15:23:12.232Z\",\r\n\t\t\"ChangeEffectiveDate\": \"2022-05-20T15:23:12.232Z\",\r\n\t\t\"ContactEmail\": \"c@cc.ccc\",\r\n\t\t\"ContactName\": \"string\",\r\n\t\t\"ContactPhone\": \"string\",\r\n\t\t\"ContactPhoneExtension\": \"string\",\r\n\t\t//\"Date\": \"2022-05-20T15:23:12.232Z\",\r\n\t\t\"EntityName\": \"string\",\r\n\t\t\"EntityTin\": \"string\",\r\n\t\t\"DBAName\":\"DBA\",\r\n\t\t\"Id\": 0,\r\n\t\t//\"PrimaryState\": \"string\", Not provoided by portal\r\n\t\t\"Products\": [\r\n\t\t\t\"IN - Medicaid (HHW and HIP)\",\r\n\t\t\t\"IN - Marketplace (Just4me)\",\r\n\t\t\t\"IN - Medicaid (HHW and HIP)\",\r\n\t\t\t\"IN - Marketplace (Just4me)\"\r\n\t\t],\r\n\t\t\"Providers\": [\r\n\t\t\t{\r\n\t\t\t\t\"ActionType\": \"Adding\",\r\n\t\t\t\t\"BoardCertified\": \"string\",\r\n\t\t\t\t\"CAQHNumber\": \"string\",\r\n\t\t\t\t\"Comments\": \"string\",\r\n\t\t\t\t\"DEANumber\": \"string\",\r\n\t\t\t\t\"Degree\": \"string\",\r\n\t\t\t\t\"DOB\": \"2022-05-20T15:23:12.232Z\",\r\n\t\t\t\t\"GroupNPI\": \"123456789012\",\r\n\t\t\t\t\"HospitalAffiliations\": \"string\",\r\n\t\t\t\t\"IsPrimaryCareProvider\": true,\r\n\t\t\t\t\"LicenseNumber\": \"string\",\r\n\t\t\t\t\"Locations\": [\r\n\t\t\t\t\t{\r\n\t\t\t\t\t\t\"ActionType\": \"Add\",\r\n\t\t\t\t\t\t\"Capacity\": 0,\r\n\t\t\t\t\t\t\"City\": \"string\",\r\n\t\t\t\t\t\t\"County\": \"string\",\r\n\t\t\t\t\t\t\"IsPrimary\": true,\r\n\t\t\t\t\t\t\"Notes\": \"string\",\r\n\t\t\t\t\t\t\"PostalCode\": \"string\",\r\n\t\t\t\t\t\t\"State\": \"SA\",\r\n\t\t\t\t\t\t\"Street1\": \"string\",\r\n\t\t\t\t\t\t\"Street2\": \"string\",\r\n\t\t\t\t\t\t\"Type\": [\r\n\t\t\t\t\t\t\t\"Mailing\",\r\n\t\t\t\t\t\t\t\"Practice\"\r\n\t\t\t\t\t\t],\r\n\t\t\t\t\t\t\"Phones\": [\r\n\t\t\t\t\t\t\t{\r\n\t\t\t\t\t\t\t\t\"Number\": \"string\",\r\n\t\t\t\t\t\t\t\t\"Type\": \"Office\"\r\n\t\t\t\t\t\t\t}\r\n\t\t\t\t\t\t],\r\n\t\t\t\t\t\t\"MinAge\": 0,\r\n\t\t\t\t\t\t\"MaxAge\": 0,\r\n\t\t\t\t\t\t\"GenderRestrictions\": \"string\"\r\n\t\t\t\t\t}\r\n\t\t\t\t],\r\n\t\t\t\t\"MedicaidID\": \"string\",\r\n\t\t\t\t\"MedicareID\": \"string\",\r\n\t\t\t\t\"Name\": \"string\",\r\n\t\t\t\t\"NPI\": \"321654987012\",\r\n\t\t\t\t\"ProviderGroupWebsite\": \"string\",\r\n\t\t\t\t\"ProviderRaceEthnicity\": \"string\",\r\n\t\t\t\t\"SecondarySpecialty\": \"string\",\r\n\t\t\t\t\"Specialty\": \"string\",\r\n\t\t\t\t\"SSN\": \"string\",\r\n\t\t\t\t\"TIN\": \"string\",\r\n\t\t\t\t\"Type\": \"Facility\",\r\n\t\t\t\t\"TelemedicineServicesProvided\": true,\r\n\t\t\t\t\"GroupId\": \"string\",\r\n\t\t\t\t\"ProviderStatus\": \"string\"\r\n\t\t\t}\r\n\t\t],\r\n\t\t\"Status\": \"string\",\r\n\t\t\"SignatoryEmail\": \"c@cc.ccc\",\r\n\t\t\"SignatoryName\": \"string\",\r\n\t\t\"SignatoryTitle\": \"string\",\r\n\t\t\"Source\": \"string\",\r\n\t\t\"Type\": \"AMENDMENT\"\r\n\t},\r\n\t\"CorrelationGuid\": \"00000000-0000-0000-0000-000000000000\",\r\n\t\"RequestDateTime\": \"2022-05-20T15:23:12.232Z\",\r\n\t\"SourceApplication\": \"string\",\r\n\t\"UserId\": \"string\"\r\n}","options":{"raw":{"language":"json"}}},"url":{"raw":"{{HPLC Root URL}}","host":["{{HPLC Root URL}}"]}},"response":[]},{"name":"New Request Copy","id":"8af04330-2844-4cf0-b894-458cb0e11079","protocolProfileBehavior":{"disableBodyPruning":true},"request":{"method":"POST","header":[],"body":{"mode":"raw","raw":"{\r\n\t\t\"requestData\": {\r\n\t\t\t\"id\": 0,\r\n\t\t\t\"changeEffectiveDate\": \"2021-04-10T00:00:00\",\r\n\t\t\t\"contactName\": \"DELETE ME\",\r\n\t\t\t\"contactEmail\": \"c@cc.ccc\",\r\n\t\t\t\"contactPhone\": \"614-599-1826\",\r\n\t\t\t\"entityName\": \"Delete ME\",\r\n\t\t\t\"entityTin\": \"464290020\",\r\n\t\t\t\"primaryState\": null,\r\n\t\t\t\"date\": \"2021-04-10T16:34:15.079508-04:00\",\r\n\t\t\t\"notes\": \" Notes\",\r\n\t\t\t\"source\": \"Provider Portal\",\r\n\t\t\t\"type\": \"MAINTENANCE\",\r\n\t\t\t\"SignatoryName\": \"DELETE ME\",\r\n\t\t\t\"SignatoryEmail\": \"c@cc.ccc\",\r\n\t\t\t\"SignatoryTitle\": \"Billiand and Practice Manager\",\r\n\t\t\t\"products\": [\r\n\t\t\t\t\"OH - Marketplace (Just4me)\"\r\n\t\t\t],\r\n\t\t\t\"providers\": [\r\n\t\t\t\t{\r\n\t\t\t\t\t\"id\": 0,\r\n\t\t\t\t\t\"actionType\": \"Demo Change\",\r\n\t\t\t\t\t\"caqhNumber\": \"11768398\",\r\n\t\t\t\t\t\"degree\": \"help me Ronda!\",\r\n\t\t\t\t\t\"dob\": \"2021-01-01\",\r\n\t\t\t\t\t\"groupNpi\": \"1234567890\",\r\n\t\t\t\t\t\"medicaidId\": \"0098047\",\r\n\t\t\t\t\t\"medicareId\": \"H290880\",\r\n\t\t\t\t\t\"name\": \"DELETE ME\",\r\n\t\t\t\t\t\"npi\":\"99999999999\",\t\r\n\t\t\t\t\t\"providertype\": \"Group\",\r\n\t\t\t\t\t\"raceEthnicity\": \"White\",\r\n\t\t\t\t\t\"specialty\": \"Allergy & Immunology\",\r\n\t\t\t\t\t\"secondarySpecialty\": \"Chiropractor\",\r\n\t\t\t\t\t\"ssn\": \"123-01-1234\",\r\n\t\t\t\t\t\"tin\": \"464290020\",\r\n\t\t\t\t\t\"isPrimaryCareProvider\": true,\r\n\t\t\t\t\t\"licenseNumber\": \"321f\",\r\n\t\t\t\t\t\"deaNumber\": \"sdfsdfre\",\r\n\t\t\t\t\t\"boardCertified\": \"AAPMR\",\r\n\t\t\t\t\t\"hospitalAffiliations\": \"Mt CarmelOhio Health/Riverside\",\r\n\t\t\t\t\t\"providerGroupWebsite\": \"www.RobertHallMDLLC.com\",\r\n\t\t\t\t\t\"comments\": \"Provider.Comments\",\r\n\t\t\t\t\t\"telemedicineServicesProvided\": true,\r\n\t\t\t\t\t\"groupId\": \"TestGroupId\",\r\n\t\t\t\t\t\"type\": \"Facility\",\r\n\t\t\t\t\t\"locations\": [\r\n\t\t\t\t\t\t{\r\n\t\t\t\t\t\t\t\"ActionType\": \"Change\",\r\n\t\t\t\t\t\t\t\"Capacity\": 0,\r\n\t\t\t\t\t\t\t\"City\": \"NELSONVILLE\",\r\n\t\t\t\t\t\t\t\"County\": \"Athens\",\r\n\t\t\t\t\t\t\t\"IsPrimary\": true,\r\n\t\t\t\t\t\t\t\"Notes\": \"\",\r\n\t\t\t\t\t\t\t\"PostalCode\": \"45764\",\r\n\t\t\t\t\t\t\t\"state\": \"OH\",\r\n\t\t\t\t\t\t\t\"Street1\": \"11 JOHN LLOYD EVANS MEMORIAL DR  400\",\r\n\t\t\t\t\t\t\t\"Street2\": \"\",\r\n\t\t\t\t\t\t\t\"Type\": [\r\n\t\t\t\t\t\t\t\t\"Practice\"\r\n\t\t\t\t\t\t\t],\r\n\t\t\t\t\t\t\t\"minAge\": 0,\r\n\t\t\t\t\t\t\t\"maxAge\": 0,\r\n\t\t\t\t\t\t\t\"genderRestrictions\": \"M\",\r\n\t\t\t\t\t\t\t\"Phones\": [\r\n\t\t\t\t\t\t\t\t{\r\n\t\t\t\t\t\t\t\t\t\"Number\": \"6144160345\",\r\n\t\t\t\t\t\t\t\t\t\"Type\": \"Fax\"\r\n\t\t\t\t\t\t\t\t},\r\n\t\t\t\t\t\t\t\t{\r\n\t\t\t\t\t\t\t\t\t\"Number\": \"6145991826\",\r\n\t\t\t\t\t\t\t\t\t\"Type\": \"Office\"\r\n\t\t\t\t\t\t\t\t}\r\n\t\t\t\t\t\t\t]\r\n\t\t\t\t\t\t},\r\n\t\t\t\t\t\t{\r\n\t\t\t\t\t\t\t\"ActionType\": \"Change\",\r\n\t\t\t\t\t\t\t\"Capacity\": 0,\r\n\t\t\t\t\t\t\t\"City\": \"Commercial Point\",\r\n\t\t\t\t\t\t\t\"County\": \"Pickaway\",\r\n\t\t\t\t\t\t\t\"IsPrimary\": false,\r\n\t\t\t\t\t\t\t\"Notes\": \"\",\r\n\t\t\t\t\t\t\t\"PostalCode\": \"431160108\",\r\n\t\t\t\t\t\t\t\"state\": \"OH\",\r\n\t\t\t\t\t\t\t\"Street1\": \"PO Box 108\",\r\n\t\t\t\t\t\t\t\"Street2\": \"\",\r\n\t\t\t\t\t\t\t\"Type\": [\r\n\t\t\t\t\t\t\t\t\"Mailing\",\r\n\t\t\t\t\t\t\t\t\"Practice\",\r\n\t\t\t\t\t\t\t\t\"Remit\"\r\n\t\t\t\t\t\t\t],\r\n\t\t\t\t\t\t\t\"minAge\": 0,\r\n\t\t\t\t\t\t\t\"maxAge\": 0,\r\n\t\t\t\t\t\t\t\"genderRestrictions\": null,\r\n\t\t\t\t\t\t\t\"Phones\": [\r\n\t\t\t\t\t\t\t\t{\r\n\t\t\t\t\t\t\t\t\t\"Number\": \"6144160345\",\r\n\t\t\t\t\t\t\t\t\t\"Type\": \"Fax\"\r\n\t\t\t\t\t\t\t\t},\r\n\t\t\t\t\t\t\t\t{\r\n\t\t\t\t\t\t\t\t\t\"Number\": \"6145991826\",\r\n\t\t\t\t\t\t\t\t\t\"Type\": \"Office\"\r\n\t\t\t\t\t\t\t\t}\r\n\t\t\t\t\t\t\t]\r\n\t\t\t\t\t\t}\r\n\t\t\t\t\t]\r\n\t\t\t\t}\r\n\t\t\t]\r\n\t\t},\r\n\t\t\"correlationGuid\": \"523940f3-f600-49f7-a04c-ac59c19c0799\",\r\n\t\t\"requestDateTime\": \"2021-04-10T16:34:15.079508-04:00\",\r\n\t\t\"sourceApplication\": \"ProviderPortal\",\r\n\t\t\"userId\": \"CKnueppel\"\r\n\t}","options":{"raw":{"language":"json"}}},"url":{"raw":"{{HPLC Root URL}}","host":["{{HPLC Root URL}}"]}},"response":[]},{"name":"New Request Copy 2","id":"48d4f1af-8f4d-4cbd-9112-21f809a058ea","protocolProfileBehavior":{"disableBodyPruning":true},"request":{"method":"POST","header":[],"body":{"mode":"raw","raw":"{\r\n\t\"requestData\": {\r\n\t\t\"changeEffectiveDate\": \"2022-11-01T00:00:00\",\r\n\t\t\"contactName\": \"Cathy Myers\",\r\n\t\t\"contactEmail\": \"cathy.myers@caresource.com\",\r\n\t\t\"contactPhone\": \"9375314491\",\r\n\t\t\"entityName\": \"KDMC Urgent Care Center\",\r\n\t\t\"entityTin\": \"610444716\",\r\n\t\t\"date\": \"2022-11-01T13:18:52.0907043-04:00\",\r\n\t\t\"notes\": \"\",\r\n\t\t\"source\": \"Provider Portal\",\r\n\t\t\"type\": \"MAINTENANCE\",\r\n\t\t\"careSourceReceivedDate\": \"2022-11-01T13:18:52.0907043-04:00\",\r\n\t\t\"SignatoryName\": \"Cathy Myers\",\r\n\t\t\"SignatoryEmail\": \"cathy.myers@caresource.com\",\r\n\t\t\"SignatoryTitle\": \"Office Manager\",\r\n\t\t\"products\": [\r\n\t\t\t\"OH - Marketplace (Just4me)\",\r\n\t\t\t\"KY - Marketplace (Just4me)\",\r\n\t\t\t\"WV - Marketplace (Just4me)\"\r\n\t\t],\r\n\t\t\"providers\": [\r\n\t\t\t{\r\n\t\t\t\t\"actionType\": \"Adding\",\r\n\t\t\t\t\"dob\": \"1972-10-09T00:00:00\",\r\n\t\t\t\t\"groupNpi\": \"1234567890\",\r\n\t\t\t\t\"name\": \"Adkins, Mark J.\",\r\n\t\t\t\t\"npi\": \"1003831017\",\r\n\t\t\t\t\"type\": \"Practitioner\",\r\n\t\t\t\t\"specialty\": \"Certified Nurse Practitioner\",\r\n\t\t\t\t\"ssn\": \"123456789\",\r\n\t\t\t\t\"tin\": \"610444716\",\r\n\t\t\t\t\"groupId\": \"610444716230\",\r\n\t\t\t\t\"locations\": [\r\n\t\t\t\t\t{\r\n\t\t\t\t\t\t\"ActionType\": \"No Change\",\r\n\t\t\t\t\t\t\"City\": \"Portsmouth\",\r\n\t\t\t\t\t\t\"County\": \"Scioto\",\r\n\t\t\t\t\t\t\"IsPrimary\": true,\r\n\t\t\t\t\t\t\"Notes\": \"\",\r\n\t\t\t\t\t\t\"PostalCode\": \"456622845\",\r\n\t\t\t\t\t\t\"state\": \"OH\",\r\n\t\t\t\t\t\t\"Street1\": \"2001 Scioto Trl Ste 100\",\r\n\t\t\t\t\t\t\"Street2\": \"\",\r\n\t\t\t\t\t\t\"Type\": [\r\n\t\t\t\t\t\t\t\"Mailing\",\r\n\t\t\t\t\t\t\t\"Practice\"\r\n\t\t\t\t\t\t],\r\n\t\t\t\t\t\t\"genderRestrictions\": \"\",\r\n\t\t\t\t\t\t\"Phones\": [\r\n\t\t\t\t\t\t\t{\r\n\t\t\t\t\t\t\t\t\"Number\": \"7403537982\",\r\n\t\t\t\t\t\t\t\t\"Type\": \"Fax\"\r\n\t\t\t\t\t\t\t},\r\n\t\t\t\t\t\t\t{\r\n\t\t\t\t\t\t\t\t\"Number\": \"7403531978\",\r\n\t\t\t\t\t\t\t\t\"Type\": \"Office\"\r\n\t\t\t\t\t\t\t}\r\n\t\t\t\t\t\t]\r\n\t\t\t\t\t},\r\n\t\t\t\t\t{\r\n\t\t\t\t\t\t\"ActionType\": \"Add\",\r\n\t\t\t\t\t\t\"City\": \"Dayton\",\r\n\t\t\t\t\t\t\"County\": \"Montgomery\",\r\n\t\t\t\t\t\t\"IsPrimary\": true,\r\n\t\t\t\t\t\t\"Notes\": \"\",\r\n\t\t\t\t\t\t\"PostalCode\": \"45342\",\r\n\t\t\t\t\t\t\"state\": \"OH\",\r\n\t\t\t\t\t\t\"Street1\": \"PO Box 1234\",\r\n\t\t\t\t\t\t\"Street2\": \"\",\r\n\t\t\t\t\t\t\"Type\": [\r\n\t\t\t\t\t\t\t\"Mailing\",\r\n\t\t\t\t\t\t\t\"Practice\",\r\n\t\t\t\t\t\t\t\"Remit\"\r\n\t\t\t\t\t\t],\r\n\t\t\t\t\t\t\"genderRestrictions\": \"\",\r\n\t\t\t\t\t\t\"Phones\": [\r\n\t\t\t\t\t\t\t{\r\n\t\t\t\t\t\t\t\t\"Number\": \"9375314491\",\r\n\t\t\t\t\t\t\t\t\"Type\": \"Office\"\r\n\t\t\t\t\t\t\t}\r\n\t\t\t\t\t\t]\r\n\t\t\t\t\t}\r\n\t\t\t\t]\r\n\t\t\t}\r\n\t\t]\r\n\t},\r\n\t\"correlationGuid\": \"981c38e1-c3fe-4179-9433-877e05be218c\",\r\n\t\"requestDateTime\": \"2022-11-01T13:18:52.0907043-04:00\",\r\n\t\"sourceApplication\": \"ProviderPortal\",\r\n\t\"userId\": \"TestingOnly\"\r\n}","options":{"raw":{"language":"json"}}},"url":{"raw":"{{HPLC Root URL}}","host":["{{HPLC Root URL}}"]}},"response":[]},{"name":"New Request Copy-Lipi","id":"82f10f5d-090d-4fed-8d80-ecc1b6327021","protocolProfileBehavior":{"disableBodyPruning":true},"request":{"method":"POST","header":[],"body":{"mode":"raw","raw":"{\r\n\t\"requestData\": {\r\n\t\t\"changeEffectiveDate\": \"2022-11-01T00:00:00\",\r\n\t\t\"contactName\": \"Cathy Myers\",\r\n\t\t\"contactEmail\": \"cathy.myers@caresource.com\",\r\n\t\t\"contactPhone\": \"9375314491\",\r\n\t\t\"entityName\": \"KDMC Urgent Care Center\",\r\n\t\t\"entityTin\": \"610444716\",\r\n\t\t\"date\": \"2022-11-01T13:18:52.0907043-04:00\",\r\n\t\t\"notes\": \"\",\r\n\t\t\"source\": \"Provider Portal\",\r\n\t\t\"type\": \"MAINTENANCE\",\r\n\t\t\"careSourceReceivedDate\": \"2022-11-01T13:18:52.0907043-04:00\",\r\n\t\t\"SignatoryName\": \"Cathy Myers\",\r\n\t\t\"SignatoryEmail\": \"cathy.myers@caresource.com\",\r\n\t\t\"SignatoryTitle\": \"Office Manager\",\r\n\t\t\"products\": [\r\n\t\t\t\"OH - Marketplace (Just4me)\",\r\n\t\t\t\"KY - Marketplace (Just4me)\",\r\n\t\t\t\"WV - Marketplace (Just4me)\"\r\n\t\t],\r\n\t\t\"providers\": [\r\n\t\t\t{\r\n\t\t\t\t\"actionType\": \"Adding\",\r\n\t\t\t\t\"dob\": \"1972-10-09T00:00:00\",\r\n\t\t\t\t\"groupNpi\": \"1234567890\",\r\n\t\t\t\t\"name\": \"Adkins, Mark J.\",\r\n\t\t\t\t\"npi\": \"1003831017\",\r\n\t\t\t\t\"type\": \"Practitioner\",\r\n\t\t\t\t\"specialty\": \"Certified Nurse Practitioner\",\r\n\t\t\t\t\"ssn\": \"123456789\",\r\n\t\t\t\t\"tin\": \"610444716\",\r\n\t\t\t\t\"groupId\": \"610444716230\",\r\n\t\t\t\t\"locations\": [\r\n\t\t\t\t\t{\r\n\t\t\t\t\t\t\"ActionType\": \"No Change\",\r\n\t\t\t\t\t\t\"City\": \"Portsmouth\",\r\n\t\t\t\t\t\t\"County\": \"Scioto\",\r\n\t\t\t\t\t\t\"IsPrimary\": true,\r\n\t\t\t\t\t\t\"Notes\": \"\",\r\n\t\t\t\t\t\t\"PostalCode\": \"456622845\",\r\n\t\t\t\t\t\t\"state\": \"OH\",\r\n\t\t\t\t\t\t\"Street1\": \"2001 Scioto Trl Ste 100\",\r\n\t\t\t\t\t\t\"Street2\": \"\",\r\n\t\t\t\t\t\t\"Type\": [\r\n\t\t\t\t\t\t\t\"Mailing\",\r\n\t\t\t\t\t\t\t\"Practice\"\r\n\t\t\t\t\t\t],\r\n\t\t\t\t\t\t\"genderRestrictions\": \"\",\r\n\t\t\t\t\t\t\"Phones\": [\r\n\t\t\t\t\t\t\t{\r\n\t\t\t\t\t\t\t\t\"Number\": \"7403537982\",\r\n\t\t\t\t\t\t\t\t\"Type\": \"Fax\"\r\n\t\t\t\t\t\t\t},\r\n\t\t\t\t\t\t\t{\r\n\t\t\t\t\t\t\t\t\"Number\": \"7403531978\",\r\n\t\t\t\t\t\t\t\t\"Type\": \"Office\"\r\n\t\t\t\t\t\t\t}\r\n\t\t\t\t\t\t]\r\n\t\t\t\t\t},\r\n\t\t\t\t\t{\r\n\t\t\t\t\t\t\"ActionType\": \"Add\",\r\n\t\t\t\t\t\t\"City\": \"Dayton\",\r\n\t\t\t\t\t\t\"County\": \"Montgomery\",\r\n\t\t\t\t\t\t\"IsPrimary\": true,\r\n\t\t\t\t\t\t\"Notes\": \"\",\r\n\t\t\t\t\t\t\"PostalCode\": \"45342\",\r\n\t\t\t\t\t\t\"state\": \"OH\",\r\n\t\t\t\t\t\t\"Street1\": \"PO Box 1234\",\r\n\t\t\t\t\t\t\"Street2\": \"\",\r\n\t\t\t\t\t\t\"Type\": [\r\n\t\t\t\t\t\t\t\"Mailing\",\r\n\t\t\t\t\t\t\t\"Practice\",\r\n\t\t\t\t\t\t\t\"Remit\"\r\n\t\t\t\t\t\t],\r\n\t\t\t\t\t\t\"genderRestrictions\": \"\",\r\n\t\t\t\t\t\t\"Phones\": [\r\n\t\t\t\t\t\t\t{\r\n\t\t\t\t\t\t\t\t\"Number\": \"9375314491\",\r\n\t\t\t\t\t\t\t\t\"Type\": \"Office\"\r\n\t\t\t\t\t\t\t}\r\n\t\t\t\t\t\t]\r\n\t\t\t\t\t}\r\n\t\t\t\t]\r\n\t\t\t}\r\n\t\t]\r\n\t},\r\n\t\"correlationGuid\": \"981c38e1-c3fe-4179-9433-877e05be218c\",\r\n\t\"requestDateTime\": \"2022-11-01T13:18:52.0907043-04:00\",\r\n\t\"sourceApplication\": \"ProviderPortal\",\r\n\t\"userId\": \"TestingOnly\"\r\n}","options":{"raw":{"language":"json"}}},"url":{"raw":"{{HPLC Root URL}}","host":["{{HPLC Root URL}}"]}},"response":[]}],"auth":{"type":"basic","basic":[{"key":"password","value":"{{API Password}}","type":"string"},{"key":"username","value":"{{API User}}","type":"string"}]},"event":[{"listen":"prerequest","script":{"id":"b8c15a58-b4ac-4dd1-ba88-7b5add48aaca","type":"text/javascript","exec":[""]}},{"listen":"test","script":{"id":"791c3172-d0ec-4d02-ab85-1c54d1b79749","type":"text/javascript","exec":["pm.test(\"Status code is 200\", function () {","\tpm.response.to.have.status(200);","});","pm.test(\"Response time is less than 2000ms\", function () {","\tpm.expect(pm.response.responseTime).to.be.below(2000);","});"]}}],"variable":[{"id":"4eadf3de-0f21-441b-96c5-354cb9270caa","key":"Service","value":"hplc","type":"string"},{"id":"c147e623-b288-4e7e-9b69-32365c9e8577","key":"Version","value":"v1","type":"string"},{"id":"4d760fd4-0429-4e6b-867e-cf70c2d87960","key":"Controller","value":"request","type":"string"},{"id":"7bae8a19-a309-4c65-960b-887c96b17439","key":"Port","value":"44311","type":"string"}]}