{"info":{"_postman_id":"7d02b318-37bb-4a29-b8c8-b40bf2b4f187","name":"Provider-v6","schema":"https://schema.getpostman.com/json/collection/v2.1.0/collection.json"},"item":[{"name":"Basic Search Copy","id":"e7495084-1827-445f-bab6-c44c7d21bdfd","protocolProfileBehavior":{"disableBodyPruning":true},"request":{"method":"GET","header":[],"url":{"raw":"{{Root URL}}/Search?sourceApplication=Postman Testing&userId=ACRDEVER&filters[0].Name=Provider Facing&filters[1].Name=Provider ID&filters[1].Value=123456789012&paging.pagesize=1&paging.pagenumber=34","host":["{{Root URL}}"],"path":["Search"],"query":[{"key":"sourceApplication","value":"Postman Testing"},{"key":"userId","value":"ACRDEVER"},{"key":"filters[0].Name","value":"Provider Facing"},{"key":"filters[1].Name","value":"Provider ID"},{"key":"filters[1].Value","value":"123456789012"},{"key":"paging.pagesize","value":"1"},{"key":"paging.pagenumber","value":"34"}]}},"response":[]}],"auth":{"type":"basic","basic":[{"key":"password","value":"{{API Password}}","type":"string"},{"key":"username","value":"{{API User}}","type":"string"}]},"event":[{"listen":"prerequest","script":{"id":"48163ec0-f835-43fd-9fb9-37fcb670a6c7","type":"text/javascript","exec":[""]}},{"listen":"test","script":{"id":"1ede74f8-1c67-4aff-8b8f-092e382f0050","type":"text/javascript","exec":[""]}}],"variable":[{"id":"24c154a0-6e4b-4cb2-a320-d95d6abdd94a","key":"Port","value":"59578","type":"string"},{"id":"f6a2f56d-62fc-419d-90e4-5e7f57150100","key":"Service","value":"Document","type":"string"},{"id":"2fbc2af6-5548-4e95-926b-46c0f5ae03b4","key":"Version","value":"v6","type":"string"},{"id":"be10c61c-f7bb-40b4-80e3-af272dd5a786","key":"Controller","value":"Provider","type":"string"}]}