{"info":{"_postman_id":"a75fa04a-5926-40f4-9e7e-2e237ef381df","name":"DataSet","schema":"https://schema.getpostman.com/json/collection/v2.1.0/collection.json"},"item":[{"name":"Create COB","id":"6c7ea6ad-3066-4045-b749-47affefbfd81","protocolProfileBehavior":{"disableBodyPruning":true},"request":{"method":"POST","header":[{"key":"Context","value":"{\"SourceApplication\":\"Postman\",\"CurrentUser\":\"CurrentSighedn in user\"}","type":"text"}],"body":{"mode":"raw","raw":"{\r\n\t\"SourceApplication\": \"Postman\",\r\n\t\"CurrentUSer\": \"ACRDEVER\",\r\n\t\"Data\": [\r\n\t\t{\r\n\t\t\t\"ClassName\": \"COB\",\r\n\t\t\t\"Properties\": {\r\n\t\t\t\t\"DateReceived\": \"2022-04-13\",\r\n\t\t\t\t\"Status\": \"New\",\r\n\t\t\t\t\"InsuranceType\": \"Medicare A/B/D\",\r\n\t\t\t\t\"DateClosed\": \"2022-05-13\",\r\n\t\t\t\t\"AssignedReviewer\": \"Biff Tanner\",\r\n\t\t\t\t\"LastVerificationDate\": \"2020-12-15\",\r\n\t\t\t\t\"AdditionalClaims\": true,\r\n\t\t\t\t\"Comment\": \"This is a Comment\"\r\n\t\t\t},\r\n\t\t\t\"Related\": [\r\n\t\t\t\t{\r\n\t\t\t\t\t\"ClassName\": \"Notes\",\r\n\t\t\t\t\t\"Properties\": {\r\n\t\t\t\t\t\t\"Note\": \"This is a note\"\r\n\t\t\t\t\t}\r\n\t\t\t\t},\r\n\t\t\t\t{\r\n\t\t\t\t\t\"ClassName\": \"Notes\",\r\n\t\t\t\t\t\"Properties\": {\r\n\t\t\t\t\t\t\"Note\": \"This is also a note\"\r\n\t\t\t\t\t}\r\n\t\t\t\t},\r\n\t\t\t\t{\r\n\t\t\t\t\t\"ClassName\": \"Contact\",\r\n\t\t\t\t\t\"Properties\": {\r\n\t\t\t\t\t\t\"Prefix\": \"Mr.\",\r\n\t\t\t\t\t\t\"FirstName\": \"George\",\r\n\t\t\t\t\t\t\"MiddleName\": \"Douglas \",\r\n\t\t\t\t\t\t\"LastName\": \"McFly\",\r\n\t\t\t\t\t\t\"Suffix\": null\r\n\t\t\t\t\t},\r\n\t\t\t\t\t\"Related\": [\r\n\t\t\t\t\t\t{\r\n\t\t\t\t\t\t\t\"ClassName\": \"ContactEmail\",\r\n\t\t\t\t\t\t\t\"Properties\": {\r\n\t\t\t\t\t\t\t\t\"Type\": \"Personal\",\r\n\t\t\t\t\t\t\t\t\"EmailAddress\": \"C@cc.ccc\"\r\n\t\t\t\t\t\t\t}\r\n\t\t\t\t\t\t}\r\n\t\t\t\t\t]\r\n\t\t\t\t},\r\n\t\t\t\t{\r\n\t\t\t\t\t\"ClassName\": \"Provider\",\r\n\t\t\t\t\t\"Properties\": {\r\n\t\t\t\t\t\t\"Prefix\": \"Dr.\",\r\n\t\t\t\t\t\t\"FirstName\": \"Emmit\",\r\n\t\t\t\t\t\t\"MiddleName\": \"Lathrup \",\r\n\t\t\t\t\t\t\"LastName\": \"Brown\",\r\n\t\t\t\t\t\t\"Suffix\": null,\r\n\t\t\t\t\t\t\"ProviderId\": \"123456789012\"\r\n\t\t\t\t\t}\r\n\t\t\t\t},\r\n\t\t\t\t{\r\n\t\t\t\t\t\"ClassName\": \"Member\",\r\n\t\t\t\t\t\"Properties\": {\r\n\t\t\t\t\t\t\"Prefix\": \"Mstr\",\r\n\t\t\t\t\t\t\"FirstName\": \"Martin\",\r\n\t\t\t\t\t\t\"MiddleName\": \"Seamus \",\r\n\t\t\t\t\t\t\"LastName\": \"McFly\",\r\n\t\t\t\t\t\t\"Suffix\": \"Jr\",\r\n\t\t\t\t\t\t\"MemberId\": \"12345678901\",\r\n\t\t\t\t\t\t\"RelationshipToPolicyHolder\": \"Nat Child/Ins Fin Resp\"\r\n\t\t\t\t\t}\r\n\t\t\t\t},\r\n\t\t\t\t{\r\n\t\t\t\t\t\"ClassName\": \"Policy\",\r\n\t\t\t\t\t\"Properties\": {\r\n\t\t\t\t\t\t\"GroupNumber\": \"G12345\",\r\n\t\t\t\t\t\t\"CarrierPhoneNumber\": \"145-236-3215\",\r\n\t\t\t\t\t\t\"PolicyNumber\": \"P4567 \",\r\n\t\t\t\t\t\t\"PolicyDate\": \"2022-01-01\",\r\n\t\t\t\t\t\t\"EffectiveDate\": \"2022-01-02\",\r\n\t\t\t\t\t\t\"TermDate\": \"2022-12-31\"\r\n\t\t\t\t\t},\r\n\t\t\t\t\t\"Related\": [\r\n\t\t\t\t\t\t{\r\n\t\t\t\t\t\t\t\"ClassName\": \"PolicyHolder\",\r\n\t\t\t\t\t\t\t\"Properties\": {\r\n\t\t\t\t\t\t\t\t\"Prefix\": \"Mrs.\",\r\n\t\t\t\t\t\t\t\t\"FirstName\": \"Lorraine\",\r\n\t\t\t\t\t\t\t\t\"MiddleName\": \"Baines\",\r\n\t\t\t\t\t\t\t\t\"LastName\": \"McFly\"\r\n\t\t\t\t\t\t\t}\r\n\t\t\t\t\t\t},\r\n\t\t\t\t\t\t{\r\n\t\t\t\t\t\t\t\"ClassName\": \"Address\",\r\n\t\t\t\t\t\t\t\"Properties\": {\r\n\t\t\t\t\t\t\t\t\"Type\": \"Policy\",\r\n\t\t\t\t\t\t\t\t\"Attention\": \"Lorraine McFly\",\r\n\t\t\t\t\t\t\t\t\"Street1\": \"9303 Lyon Drive\",\r\n\t\t\t\t\t\t\t\t\"Street2\": \"S2\",\r\n\t\t\t\t\t\t\t\t\"Street3\": \"S3\",\r\n\t\t\t\t\t\t\t\t\"City\": \" Hill Valley\",\r\n\t\t\t\t\t\t\t\t\"State\": \"CA\",\r\n\t\t\t\t\t\t\t\t\"ZipCode\": \"95420\"\r\n\t\t\t\t\t\t\t}\r\n\t\t\t\t\t\t}\r\n\t\t\t\t\t]\r\n\t\t\t\t}\r\n\t\t\t]\r\n\t\t}\r\n\t]\r\n}","options":{"raw":{"language":"json"}}},"url":{"raw":"{{Root URL}}/COB Processing","host":["{{Root URL}}"],"path":["COB Processing"]}},"response":[]},{"name":"Create COB Copy -Lipi","id":"6df8c4aa-f11c-4d54-8218-a23105831b3c","protocolProfileBehavior":{"disableBodyPruning":true},"request":{"method":"POST","header":[{"key":"Context","value":"{\"SourceApplication\":\"Postman\",\"CurrentUser\":\"CurrentSighedn in user\"}","type":"text"}],"body":{"mode":"raw","raw":"{\r\n\t\"SourceApplication\": \"Postman\",\r\n\t\"CurrentUSer\": \"ACRDEVER\",\r\n\t\"Data\": [\r\n\t\t{\r\n\t\t\t\"ClassName\": \"COB\",\r\n\t\t\t\"Properties\": {\r\n\t\t\t\t\"DateReceived\": \"2022-04-13\",\r\n\t\t\t\t\"Status\": \"New\",\r\n\t\t\t\t\"InsuranceType\": \"Medicare A/B/D\",\r\n\t\t\t\t\"DateClosed\": \"2022-05-13\",\r\n\t\t\t\t\"AssignedReviewer\": \"Biff Tanner\",\r\n\t\t\t\t\"LastVerificationDate\": \"2020-12-15\",\r\n\t\t\t\t\"AdditionalClaims\": true\r\n\t\t\t},\r\n\t\t\t\"Related\": [\r\n\t\t\t\t{\r\n\t\t\t\t\t\"ClassName\": \"Contact\",\r\n\t\t\t\t\t\"Properties\": {\r\n\t\t\t\t\t\t\"Prefix\": \"Mr.\",\r\n\t\t\t\t\t\t\"FirstName\": \"George\",\r\n\t\t\t\t\t\t\"MiddleName\": \"Douglas \",\r\n\t\t\t\t\t\t\"LastName\": \"McFly\",\r\n\t\t\t\t\t\t\"Suffix\": null\r\n\t\t\t\t\t},\r\n\t\t\t\t\t\"Related\": [\r\n\t\t\t\t\t\t{\r\n\t\t\t\t\t\t\t\"ClassName\": \"ContactEmail\",\r\n\t\t\t\t\t\t\t\"Properties\": {\r\n\t\t\t\t\t\t\t\t\"Type\": \"Personal\",\r\n\t\t\t\t\t\t\t\t\"EmailAddress\": \"C@cc.ccc\"\r\n\t\t\t\t\t\t\t}\r\n\t\t\t\t\t\t}\r\n\t\t\t\t\t]\r\n\t\t\t\t},\r\n\t\t\t\t{\r\n\t\t\t\t\t\"ClassName\": \"Provider\",\r\n\t\t\t\t\t\"Properties\": {\r\n\t\t\t\t\t\t\"Prefix\": \"Dr.\",\r\n\t\t\t\t\t\t\"FirstName\": \"Emmit\",\r\n\t\t\t\t\t\t\"MiddleName\": \"Lathrup \",\r\n\t\t\t\t\t\t\"LastName\": \"Brown\",\r\n\t\t\t\t\t\t\"Suffix\": null,\r\n\t\t\t\t\t\t\"ProviderId\": \"123456789012\"\r\n\t\t\t\t\t}\r\n\t\t\t\t},\r\n\t\t\t\t{\r\n\t\t\t\t\t\"ClassName\": \"Member\",\r\n\t\t\t\t\t\"Properties\": {\r\n\t\t\t\t\t\t\"Prefix\": \"Mstr\",\r\n\t\t\t\t\t\t\"FirstName\": \"Martin\",\r\n\t\t\t\t\t\t\"MiddleName\": \"Seamus \",\r\n\t\t\t\t\t\t\"LastName\": \"McFly\",\r\n\t\t\t\t\t\t\"Suffix\": \"Jr\",\r\n\t\t\t\t\t\t\"MemberId\": \"12345678901\",\r\n\t\t\t\t\t\t\"RelationshipToPolicyHolder\": \"Nat Child/Ins Fin Resp\"\r\n\t\t\t\t\t}\r\n\t\t\t\t},\r\n\t\t\t\t{\r\n\t\t\t\t\t\"ClassName\": \"Policy\",\r\n\t\t\t\t\t\"Properties\": {\r\n\t\t\t\t\t\t\"GroupNumber\": \"G12345\",\r\n\t\t\t\t\t\t\"CarrierPhoneNumber\": \"145-236-3215\",\r\n\t\t\t\t\t\t\"PolicyNumber\": \"P4567 \",\r\n\t\t\t\t\t\t\"PolicyDate\": \"2022-01-01\",\r\n\t\t\t\t\t\t\"EffectiveDate\": \"2022-01-02\",\r\n\t\t\t\t\t\t\"TermDate\": \"2022-12-31\"\r\n\t\t\t\t\t},\r\n\t\t\t\t\t\"Related\": [\r\n\t\t\t\t\t\t{\r\n\t\t\t\t\t\t\t\"ClassName\": \"PolicyHolder\",\r\n\t\t\t\t\t\t\t\"Properties\": {\r\n\t\t\t\t\t\t\t\t\"Prefix\": \"Mrs.\",\r\n\t\t\t\t\t\t\t\t\"FirstName\": \"Lorraine\",\r\n\t\t\t\t\t\t\t\t\"MiddleName\": \"Baines\",\r\n\t\t\t\t\t\t\t\t\"LastName\": \"McFly\"\r\n\t\t\t\t\t\t\t}\r\n\t\t\t\t\t\t},\r\n\t\t\t\t\t\t{\r\n\t\t\t\t\t\t\t\"ClassName\":\"Address\",\r\n\t\t\t\t\t\t\t\"Properties\":{\r\n\t\t\t\t\t\t\t\t\"Type\":\"Policy\",\r\n\t\t\t\t\t\t\t\t\"Attention\":\"Lorraine McFly\",\r\n\t\t\t\t\t\t\t\t\"Street1\":\"9303 Lyon Drive\",\r\n\t\t\t\t\t\t\t\t\"Street2\":\"S2\",\r\n\t\t\t\t\t\t\t\t\"Street3\":\"S3\",\r\n\t\t\t\t\t\t\t\t\"City\":\" Hill Valley\",\r\n\t\t\t\t\t\t\t\t\"State\":\"CA\",\r\n\t\t\t\t\t\t\t\t\"ZipCode\":\"95420\"\r\n\t\t\t\t\t\t\t}\r\n\t\t\t\t\t\t}\r\n\t\t\t\t\t]\r\n\t\t\t\t}\r\n\t\t\t]\r\n\t\t}\r\n\t]\r\n}","options":{"raw":{"language":"json"}}},"url":{"raw":"{{Root URL}}/COB Processing","host":["{{Root URL}}"],"path":["COB Processing"]}},"response":[]}],"auth":{"type":"basic","basic":[{"key":"password","value":"{{API Password}}","type":"string"},{"key":"username","value":"{{API User}}","type":"string"}]},"event":[{"listen":"prerequest","script":{"id":"576f117e-59bb-4607-91cb-6a106405e0e9","type":"text/javascript","exec":[""]}},{"listen":"test","script":{"id":"0ca388bc-d931-4e99-8358-836a0cfb3747","type":"text/javascript","exec":[""]}}],"variable":[{"id":"fbc28c04-991c-4c51-9404-575b810fc8b3","key":"Port","value":"57439","type":"string"},{"id":"a916da76-03dd-4368-a088-11f795e4643a","key":"Service","value":"Workview","type":"string"},{"id":"33c11515-50b4-4df2-b2ee-cde88f7d83b2","key":"Version","value":"v5","type":"string"},{"id":"5d40cb19-0a70-4d04-a698-bc30c6e5886c","key":"Controller","value":"Create","type":"string"}]}