{"info":{"_postman_id":"aadc6a7e-1f47-4c52-b2b4-8b47c1b1993f","name":"Datasets","schema":"https://schema.getpostman.com/json/collection/v2.1.0/collection.json"},"item":[{"name":"States","event":[{"listen":"test","script":{"exec":["pm.test(\"Response time is less than 200ms\", function () {\r","\tpm.expect(pm.response.responseTime).to.be.below(200);\r","});\r","pm.test(\"Test that we received 8 States\", function () {\r","\tvar jsonData = pm.response.json();\r","\tpm.expect(Object.keys(pm.response.json()).length).to.eql(8);\r","});"],"type":"text/javascript"}}],"id":"065aaca1-67f8-4eb9-80d2-ce984ee93f90","protocolProfileBehavior":{"disableBodyPruning":true},"request":{"method":"GET","header":[],"url":{"raw":"{{HPLC Root URL}}/States","host":["{{HPLC Root URL}}"],"path":["States"]}},"response":[]},{"name":"Products","event":[{"listen":"test","script":{"exec":["pm.test(\"Test that we received 28 Products\", function () {\r","\tvar jsonData = pm.response.json();\r","\tpm.expect(Object.keys(pm.response.json()).length).to.eql(28);\r","});"],"type":"text/javascript"}}],"id":"078f0a18-eede-4874-b6ae-60e56618eeda","protocolProfileBehavior":{"disableBodyPruning":true},"request":{"method":"GET","header":[],"url":{"raw":"{{HPLC Root URL}}/Products","host":["{{HPLC Root URL}}"],"path":["Products"]}},"response":[]},{"name":"Phone Types","event":[{"listen":"test","script":{"exec":["pm.test(\"Test that we received 3 Phjone Types\", function () {\r","\tvar jsonData = pm.response.json();\r","\tpm.expect(Object.keys(pm.response.json()).length).to.eql(3);\r","});"],"type":"text/javascript"}}],"id":"3669a41a-9e07-47e0-a2d8-108c58596896","protocolProfileBehavior":{"disableBodyPruning":true},"request":{"method":"GET","header":[],"url":{"raw":"{{HPLC Root URL}}/PhoneTypes","host":["{{HPLC Root URL}}"],"path":["PhoneTypes"]}},"response":[]},{"name":"Action Types","event":[{"listen":"test","script":{"exec":["pm.test(\"Test that we received 4 Action Types\", function () {\r","\tvar jsonData = pm.response.json();\r","\tpm.expect(Object.keys(pm.response.json()).length).to.eql(4);\r","});"],"type":"text/javascript"}}],"id":"76e643b9-0406-4339-abd5-19318fb8055b","protocolProfileBehavior":{"disableBodyPruning":true},"request":{"method":"GET","header":[],"url":{"raw":"{{HPLC Root URL}}/ActionTypes","host":["{{HPLC Root URL}}"],"path":["ActionTypes"]}},"response":[]},{"name":"Address Types","event":[{"listen":"test","script":{"exec":["pm.test(\"Test that we received 4 Address Types\", function () {\r","\tvar jsonData = pm.response.json();\r","\tpm.expect(Object.keys(pm.response.json()).length).to.eql(4);\r","});"],"type":"text/javascript"}}],"id":"73f4f7c7-66ec-41a6-92aa-91219e06d85f","protocolProfileBehavior":{"disableBodyPruning":true},"request":{"method":"GET","header":[],"url":{"raw":"{{HPLC Root URL}}/AddressTypes","host":["{{HPLC Root URL}}"],"path":["AddressTypes"]}},"response":[]},{"name":"Provider Types","event":[{"listen":"test","script":{"exec":["pm.test(\"Test that we received 3 Provider Types\", function () {\r","\tvar jsonData = pm.response.json();\r","\tpm.expect(Object.keys(pm.response.json()).length).to.eql(3);\r","});"],"type":"text/javascript"}}],"id":"87c0ca3a-ad06-45d5-8c85-30b835ecd953","protocolProfileBehavior":{"disableBodyPruning":true},"request":{"method":"GET","header":[],"url":{"raw":"{{HPLC Root URL}}/ProviderTypes","host":["{{HPLC Root URL}}"],"path":["ProviderTypes"]}},"response":[]},{"name":"Location Action Types","event":[{"listen":"test","script":{"exec":["pm.test(\"Test that we received 4 Location Action Types\", function () {\r","\tvar jsonData = pm.response.json();\r","\tpm.expect(Object.keys(pm.response.json()).length).to.eql(4);\r","});"],"type":"text/javascript"}}],"id":"bbba19e5-f219-49f3-bfbf-bbc3f35807e5","protocolProfileBehavior":{"disableBodyPruning":true},"request":{"method":"GET","header":[],"url":{"raw":"{{HPLC Root URL}}/LocationActionTypes","host":["{{HPLC Root URL}}"],"path":["LocationActionTypes"]}},"response":[]},{"name":"Request Types","event":[{"listen":"test","script":{"exec":["pm.test(\"Test that we received 3 Request Types\", function () {\r","\tvar jsonData = pm.response.json();\r","\tpm.expect(Object.keys(pm.response.json()).length).to.eql(3);\r","});"],"type":"text/javascript"}}],"id":"093b6398-143f-4156-928b-aba09cd5d6bd","protocolProfileBehavior":{"disableBodyPruning":true},"request":{"method":"GET","header":[],"url":{"raw":"{{HPLC Root URL}}/RequestTypes","host":["{{HPLC Root URL}}"],"path":["RequestTypes"]}},"response":[]}],"auth":{"type":"basic","basic":[{"key":"password","value":"{{API Password}}","type":"string"},{"key":"username","value":"{{API User}}","type":"string"}]},"event":[{"listen":"prerequest","script":{"id":"05048a6c-703a-4bd6-93c3-c19dc2059784","type":"text/javascript","exec":[""]}},{"listen":"test","script":{"id":"1eeec624-6f3e-4f46-964e-b5284c6596d2","type":"text/javascript","exec":[""]}}],"variable":[{"id":"81a00db7-98de-4f74-ad12-8ab1630ebb32","key":"Service","value":"hplc","type":"string"},{"id":"941cbc9a-c964-4bc5-9546-aa161bffb4bb","key":"Version","value":"v1","type":"string"},{"id":"907df714-efb2-4c1d-8243-8363739a081c","key":"Controller","value":"dataset","type":"string"},{"id":"184c699e-7ac3-4752-9d9a-15885d43271f","key":"Port","value":"44311","type":"string"}]}