{"info":{"_postman_id":"b4fe6bec-86cb-438e-a772-fed3272703cc","name":"Datasets","schema":"https://schema.getpostman.com/json/collection/v2.1.0/collection.json"},"item":[{"name":"States","event":[{"listen":"test","script":{"id":"bfc37086-19ac-447e-b2a3-d55e33248368","exec":["pm.test(\"Response time is less than 200ms\", function () {\r","\tpm.expect(pm.response.responseTime).to.be.below(200);\r","});\r","pm.test(\"Test that we received 8 States\", function () {\r","\tvar jsonData = pm.response.json();\r","\tpm.expect(Object.keys(pm.response.json()).length).to.eql(8);\r","});"],"type":"text/javascript"}}],"id":"96d9fd8e-4437-4e81-8235-7487dff66b3b","protocolProfileBehavior":{"disableBodyPruning":true},"request":{"method":"GET","header":[],"url":{"raw":"{{HPLC Root URL}}/States","host":["{{HPLC Root URL}}"],"path":["States"]}},"response":[]},{"name":"Languages","event":[{"listen":"test","script":{"id":"bfc37086-19ac-447e-b2a3-d55e33248368","exec":["pm.test(\"Response time is less than 200ms\", function () {\r","\tpm.expect(pm.response.responseTime).to.be.below(200);\r","});\r","pm.test(\"Test that we received 8 States\", function () {\r","\tvar jsonData = pm.response.json();\r","\tpm.expect(Object.keys(pm.response.json()).length).to.eql(8);\r","});"],"type":"text/javascript"}}],"id":"c0d9a3fa-4402-4bb0-ac0a-1feb65fc1c5e","protocolProfileBehavior":{"disableBodyPruning":true},"request":{"method":"GET","header":[],"url":{"raw":"{{HPLC Root URL}}/Languages","host":["{{HPLC Root URL}}"],"path":["Languages"]}},"response":[]},{"name":"Agreement Types","event":[{"listen":"test","script":{"id":"bfc37086-19ac-447e-b2a3-d55e33248368","exec":["pm.test(\"Response time is less than 200ms\", function () {\r","\tpm.expect(pm.response.responseTime).to.be.below(200);\r","});\r","pm.test(\"Test that we received 8 States\", function () {\r","\tvar jsonData = pm.response.json();\r","\tpm.expect(Object.keys(pm.response.json()).length).to.eql(8);\r","});"],"type":"text/javascript"}}],"id":"fb3119eb-a86b-42f9-9e02-38a22446695a","protocolProfileBehavior":{"disableBodyPruning":true},"request":{"method":"GET","header":[],"url":{"raw":"{{HPLC Root URL}}/AgreementTypes","host":["{{HPLC Root URL}}"],"path":["AgreementTypes"]}},"response":[]},{"name":"Products","event":[{"listen":"test","script":{"id":"bfc37086-19ac-447e-b2a3-d55e33248368","exec":["pm.test(\"Test that we received 28 Products\", function () {\r","\tvar jsonData = pm.response.json();\r","\tpm.expect(Object.keys(pm.response.json()).length).to.eql(28);\r","});"],"type":"text/javascript"}}],"id":"4e32c1f3-b9b2-4191-bc5d-2cbc6220a815","protocolProfileBehavior":{"disableBodyPruning":true},"request":{"method":"GET","header":[],"url":{"raw":"{{HPLC Root URL}}/Products","host":["{{HPLC Root URL}}"],"path":["Products"]}},"response":[]},{"name":"Phone Types","event":[{"listen":"test","script":{"id":"bfc37086-19ac-447e-b2a3-d55e33248368","exec":["pm.test(\"Test that we received 3 Phjone Types\", function () {\r","\tvar jsonData = pm.response.json();\r","\tpm.expect(Object.keys(pm.response.json()).length).to.eql(3);\r","});"],"type":"text/javascript"}}],"id":"a01168c6-a2f5-4a7b-ae42-b62bba27800a","protocolProfileBehavior":{"disableBodyPruning":true},"request":{"method":"GET","header":[],"url":{"raw":"{{HPLC Root URL}}/PhoneTypes","host":["{{HPLC Root URL}}"],"path":["PhoneTypes"]}},"response":[]},{"name":"Action Types","event":[{"listen":"test","script":{"id":"bfc37086-19ac-447e-b2a3-d55e33248368","exec":["pm.test(\"Test that we received 4 Action Types\", function () {\r","\tvar jsonData = pm.response.json();\r","\tpm.expect(Object.keys(pm.response.json()).length).to.eql(4);\r","});"],"type":"text/javascript"}}],"id":"39beecc8-935c-4edd-96f6-e4385bbfd41b","protocolProfileBehavior":{"disableBodyPruning":true},"request":{"method":"GET","header":[],"url":{"raw":"{{HPLC Root URL}}/ActionTypes","host":["{{HPLC Root URL}}"],"path":["ActionTypes"]}},"response":[]},{"name":"Address Types","event":[{"listen":"test","script":{"id":"bfc37086-19ac-447e-b2a3-d55e33248368","exec":["pm.test(\"Test that we received 4 Address Types\", function () {\r","\tvar jsonData = pm.response.json();\r","\tpm.expect(Object.keys(pm.response.json()).length).to.eql(4);\r","});"],"type":"text/javascript"}}],"id":"a515e756-7a5a-44e4-89ef-961bd7d07d31","protocolProfileBehavior":{"disableBodyPruning":true},"request":{"method":"GET","header":[],"url":{"raw":"{{HPLC Root URL}}/AddressTypes","host":["{{HPLC Root URL}}"],"path":["AddressTypes"]}},"response":[]},{"name":"Provider Types","event":[{"listen":"test","script":{"id":"bfc37086-19ac-447e-b2a3-d55e33248368","exec":["pm.test(\"Test that we received 3 Provider Types\", function () {\r","\tvar jsonData = pm.response.json();\r","\tpm.expect(Object.keys(pm.response.json()).length).to.eql(3);\r","});"],"type":"text/javascript"}}],"id":"1e54640e-b223-4ef4-8257-366ac78f4d5e","protocolProfileBehavior":{"disableBodyPruning":true},"request":{"method":"GET","header":[],"url":{"raw":"{{HPLC Root URL}}/ProviderTypes","host":["{{HPLC Root URL}}"],"path":["ProviderTypes"]}},"response":[]},{"name":"Location Action Types","event":[{"listen":"test","script":{"id":"bfc37086-19ac-447e-b2a3-d55e33248368","exec":["pm.test(\"Test that we received 4 Location Action Types\", function () {\r","\tvar jsonData = pm.response.json();\r","\tpm.expect(Object.keys(pm.response.json()).length).to.eql(4);\r","});"],"type":"text/javascript"}}],"id":"9758b4e2-36c8-4b68-be6e-4f8c787d9cd9","protocolProfileBehavior":{"disableBodyPruning":true},"request":{"method":"GET","header":[],"url":{"raw":"{{HPLC Root URL}}/LocationActionTypes","host":["{{HPLC Root URL}}"],"path":["LocationActionTypes"]}},"response":[]},{"name":"Request Types","event":[{"listen":"test","script":{"id":"bfc37086-19ac-447e-b2a3-d55e33248368","exec":["pm.test(\"Test that we received 3 Request Types\", function () {\r","\tvar jsonData = pm.response.json();\r","\tpm.expect(Object.keys(pm.response.json()).length).to.eql(3);\r","});"],"type":"text/javascript"}}],"id":"e749f825-bbd5-45a8-b2ff-453f1ce650ab","protocolProfileBehavior":{"disableBodyPruning":true},"request":{"method":"GET","header":[],"url":{"raw":"{{HPLC Root URL}}/RequestTypes","host":["{{HPLC Root URL}}"],"path":["RequestTypes"]}},"response":[]}],"auth":{"type":"basic","basic":[{"key":"password","value":"{{API Password}}","type":"string"},{"key":"username","value":"{{API User}}","type":"string"}]},"event":[{"listen":"prerequest","script":{"id":"02c4ecfc-d55c-4571-a0ca-939a7db321c1","type":"text/javascript","exec":[""]}},{"listen":"test","script":{"id":"a16fdba0-5cd9-4b04-a6cc-662186e0e75b","type":"text/javascript","exec":[""]}}],"variable":[{"id":"cd0bcd82-0a97-4694-b701-93660f88397e","key":"Service","value":"hplc","type":"string"},{"id":"30814fd1-9e34-430c-aae6-d52a3eef9e26","key":"Version","value":"v2","type":"string"},{"id":"c78567ed-baea-4226-b085-0425802f49f0","key":"Controller","value":"dataset","type":"string"},{"id":"c3e5d98a-c7ae-42c4-a0e3-e4dc5c9b889c","key":"Port","value":"44311","type":"string"}]}