{"info":{"_postman_id":"bde4b421-3fde-4dbe-8efc-286a8f2eb2e3","name":"Create","schema":"https://schema.getpostman.com/json/collection/v2.1.0/collection.json"},"item":[{"name":"Create COB","event":[{"listen":"test","script":{"id":"ced35351-2869-49d1-9470-473c5b0569ac","exec":["pm.test(\"Status code is 200\", function () {\r","\tpm.response.to.have.status(200);\r","});\r",""],"type":"text/javascript"}}],"id":"b3953e61-cd4c-4110-a554-ce21c22c1417","protocolProfileBehavior":{"disableBodyPruning":true},"request":{"method":"POST","header":[{"key":"Context","value":"{\"SourceApplication\":\"Postman\",\"CurrentUser\":\"CurrentSighedn in user\"}","type":"text"}],"body":{"mode":"raw","raw":"{\r\n\t\"SourceApplication\": \"Postman\",\r\n\t\"CurrentUSer\": \"ACRDEVER\",\r\n\t\"Data\": [\r\n\t\t{\r\n\t\t\t\"ClassName\": \"COB\",\r\n\t\t\t\"Properties\": {\r\n\t\t\t\t//\"DateReceived\": \"2022-04-13\",\r\n\t\t\t\t\"Status\": \"New\",\r\n\t\t\t\t\"InsuranceType\": \"Medicare A/B/D\",\r\n\t\t\t\t//\"DateClosed\": \"2022-05-13\",\r\n\t\t\t\t\"AssignedReviewer\": \"Biff Tanner\",\r\n\t\t\t\t//\"LastVerificationDate\": \"2020-12-15\",\r\n\t\t\t\t\"AdditionalClaims\": true,\r\n\t\t\t\t\"Comment\": \"This is a Comment\",\r\n\t\t\t\t\"UpdateStatus\": \"Add\"\r\n\t\t\t},\r\n\t\t\t\"Related\": [\r\n\t\t\t\t{\r\n\t\t\t\t\t\"ClassName\": \"Updates\",\r\n\t\t\t\t\t\"Properties\": {\r\n\t\t\t\t\t\t\"InsuranceType\": \"Medicare A/B/D\",\r\n\t\t\t\t\t\t\"PolicyHolder\": \"New polocy Holder\",\r\n\t\t\t\t\t\t\"RelationshipToPolicyHolder\": \"Nat Child/Ins No Fin Resp\",\r\n\t\t\t\t\t\t\"GroupNumber\": \"G54321\",\r\n\t\t\t\t\t\t\"PolicyNumber\": \"P7654\",\r\n\t\t\t\t\t\t\"EffectiveDate\": null,\r\n\t\t\t\t\t\t\"TermDate\": null,\r\n\t\t\t\t\t\t\"LastVerified\": null\r\n\t\t\t\t\t}\r\n\t\t\t\t},\r\n\t\t\t\t{\r\n\t\t\t\t\t\"ClassName\": \"Notes\",\r\n\t\t\t\t\t\"Properties\": {\r\n\t\t\t\t\t\t\"Note\": \"This is a note\"\r\n\t\t\t\t\t}\r\n\t\t\t\t},\r\n\t\t\t\t{\r\n\t\t\t\t\t\"ClassName\": \"Notes\",\r\n\t\t\t\t\t\"Properties\": {\r\n\t\t\t\t\t\t\"User\": \"Jane\",\r\n\t\t\t\t\t\t\"Note\": \"This is also a note\"\r\n\t\t\t\t\t}\r\n\t\t\t\t},\r\n\t\t\t\t{\r\n\t\t\t\t\t\"ClassName\": \"Contact\",\r\n\t\t\t\t\t\"Properties\": {\r\n\t\t\t\t\t\t\"Prefix\": \"Mr.\",\r\n\t\t\t\t\t\t\"FirstName\": \"George\",\r\n\t\t\t\t\t\t\"MiddleName\": \"Douglas \",\r\n\t\t\t\t\t\t\"LastName\": \"McFly\",\r\n\t\t\t\t\t\t\"Suffix\": null\r\n\t\t\t\t\t},\r\n\t\t\t\t\t\"Related\": [\r\n\t\t\t\t\t\t{\r\n\t\t\t\t\t\t\t\"ClassName\": \"ContactEmail\",\r\n\t\t\t\t\t\t\t\"Properties\": {\r\n\t\t\t\t\t\t\t\t\"Type\": \"Personal\",\r\n\t\t\t\t\t\t\t\t\"EmailAddress\": \"C@cc.ccc\"\r\n\t\t\t\t\t\t\t}\r\n\t\t\t\t\t\t}\r\n\t\t\t\t\t]\r\n\t\t\t\t},\r\n\t\t\t\t{\r\n\t\t\t\t\t\"ClassName\": \"Provider\",\r\n\t\t\t\t\t\"Properties\": {\r\n\t\t\t\t\t\t\"Prefix\": \"Dr.\",\r\n\t\t\t\t\t\t\"FirstName\": \"Emmit\",\r\n\t\t\t\t\t\t\"MiddleName\": \"Lathrup \",\r\n\t\t\t\t\t\t\"LastName\": \"Brown\",\r\n\t\t\t\t\t\t\"Suffix\": null,\r\n\t\t\t\t\t\t\"ProviderId\": \"123456789012\"\r\n\t\t\t\t\t}\r\n\t\t\t\t},\r\n\t\t\t\t{\r\n\t\t\t\t\t\"ClassName\": \"Member\",\r\n\t\t\t\t\t\"Properties\": {\r\n\t\t\t\t\t\t\"Prefix\": \"Mstr\",\r\n\t\t\t\t\t\t\"FirstName\": \"Martin\",\r\n\t\t\t\t\t\t\"MiddleName\": \"Seamus \",\r\n\t\t\t\t\t\t\"LastName\": \"McFly\",\r\n\t\t\t\t\t\t\"Suffix\": \"Jr\",\r\n\t\t\t\t\t\t\"MemberId\": \"12345678901\",\r\n\t\t\t\t\t\t\"RelationshipToPolicyHolder\": \"Nat Child/Ins No Fin Resp\"\r\n\t\t\t\t\t}\r\n\t\t\t\t},\r\n\t\t\t\t{\r\n\t\t\t\t\t\"ClassName\": \"Policy\",\r\n\t\t\t\t\t\"Properties\": {\r\n\t\t\t\t\t\t\"GroupNumber\": \"G12345\",\r\n\t\t\t\t\t\t\"CarrierPhoneNumber\": \"145-236-3215\",\r\n\t\t\t\t\t\t\"PolicyNumber\": \"P4567 \",\r\n\t\t\t\t\t\t\"PolicyDate\": \"2022-01-01\",\r\n\t\t\t\t\t\t\"EffectiveDate\": \"2022-01-02\",\r\n\t\t\t\t\t\t\"TermDate\": \"2022-12-31\"\r\n\t\t\t\t\t},\r\n\t\t\t\t\t\"Related\": [\r\n\t\t\t\t\t\t{\r\n\t\t\t\t\t\t\t\"ClassName\": \"PolicyHolder\",\r\n\t\t\t\t\t\t\t\"Properties\": {\r\n\t\t\t\t\t\t\t\t\"Prefix\": \"Mrs.\",\r\n\t\t\t\t\t\t\t\t\"FirstName\": \"Lorraine\",\r\n\t\t\t\t\t\t\t\t\"MiddleName\": \"Baines\",\r\n\t\t\t\t\t\t\t\t\"LastName\": \"McFly\"\r\n\t\t\t\t\t\t\t}\r\n\t\t\t\t\t\t},\r\n\t\t\t\t\t\t{\r\n\t\t\t\t\t\t\t\"ClassName\": \"Address\",\r\n\t\t\t\t\t\t\t\"Properties\": {\r\n\t\t\t\t\t\t\t\t\"Type\": \"Policy\",\r\n\t\t\t\t\t\t\t\t\"Attention\": \"Lorraine McFly\",\r\n\t\t\t\t\t\t\t\t\"Street1\": \"9303 Lyon Drive\",\r\n\t\t\t\t\t\t\t\t\"Street2\": \"S2\",\r\n\t\t\t\t\t\t\t\t\"Street3\": \"S3\",\r\n\t\t\t\t\t\t\t\t\"City\": \" Hill Valley\",\r\n\t\t\t\t\t\t\t\t\"State\": \"CA\",\r\n\t\t\t\t\t\t\t\t\"ZipCode\": \"95420\"\r\n\t\t\t\t\t\t\t}\r\n\t\t\t\t\t\t}\r\n\t\t\t\t\t]\r\n\t\t\t\t}\r\n\t\t\t]\r\n\t\t}\r\n\t]\r\n}","options":{"raw":{"language":"json"}}},"url":{"raw":"{{Root URL}}/COB Processing","host":["{{Root URL}}"],"path":["COB Processing"]}},"response":[]},{"name":"Create COB Copy","event":[{"listen":"test","script":{"id":"ced35351-2869-49d1-9470-473c5b0569ac","exec":["pm.test(\"Status code is 200\", function () {\r","\tpm.response.to.have.status(200);\r","});\r",""],"type":"text/javascript"}}],"id":"45374eea-306a-4165-94bb-2c9070b11a80","protocolProfileBehavior":{"disableBodyPruning":true},"request":{"method":"POST","header":[{"key":"Context","value":"{\"SourceApplication\":\"Postman\",\"CurrentUser\":\"CurrentSighedn in user\"}","type":"text"}],"body":{"mode":"raw","raw":"{\r\n\t\"SourceApplication\": \"Postman\",\r\n\t\"CurrentUSer\": \"ACRDEVER\",\r\n\t\"Data\": [\r\n\t\t{\r\n\t\t\t\"ClassName\": \"COB\",\r\n\t\t\t\"Properties\": {\r\n\t\t\t\t//\"DateReceived\": \"2022-09-20\",\r\n\t\t\t\t\"Status\": \"New\",\r\n\t\t\t\t\"InsuranceType\": \"Medicare A/B/D\",\r\n\t\t\t\t//\"DateClosed\": \"2022-05-13\",\r\n\t\t\t\t\"AssignedReviewer\": \"Biff Tanner\",\r\n\t\t\t\t//\"LastVerificationDate\": \"2020-12-15\",\r\n\t\t\t\t\"AdditionalClaims\": true,\r\n\t\t\t\t\"Comment\": \"This is a Comment\",\r\n\t\t\t\t\"UpdateStatus\": \"\"\r\n\t\t\t},\r\n\t\t\t\"Related\": [\r\n\t\t\t\t{\r\n\t\t\t\t\t\"ClassName\": \"Updates\",\r\n\t\t\t\t\t\"Properties\": {\r\n\t\t\t\t\t\t\"InsuranceType\": \"Medicare A/B/D\",\r\n\t\t\t\t\t\t\"PolicyHolder\": \"New polocy Holder\",\r\n\t\t\t\t\t\t\"RelationshipToPolicyHolder\": \"Nat Child/Ins No Fin Resp\",\r\n\t\t\t\t\t\t\"GroupNumber\": \"G54321\",\r\n\t\t\t\t\t\t\"PolicyNumber\": \"P7654\",\r\n\t\t\t\t\t\t\"EffectiveDate\": null,\r\n\t\t\t\t\t\t\"TermDate\": null,\r\n\t\t\t\t\t\t\"LastVerified\": null\r\n\t\t\t\t\t}\r\n\t\t\t\t},\r\n\t\t\t\t{\r\n\t\t\t\t\t\"ClassName\": \"Notes\",\r\n\t\t\t\t\t\"Properties\": {\r\n\t\t\t\t\t\t\"Note\": \"This is a note\"\r\n\t\t\t\t\t}\r\n\t\t\t\t},\r\n\t\t\t\t{\r\n\t\t\t\t\t\"ClassName\": \"Notes\",\r\n\t\t\t\t\t\"Properties\": {\r\n\t\t\t\t\t\t\"User\": \"Jane\",\r\n\t\t\t\t\t\t\"Note\": \"This is also a note\"\r\n\t\t\t\t\t}\r\n\t\t\t\t},\r\n\t\t\t\t{\r\n\t\t\t\t\t\"ClassName\": \"Contact\",\r\n\t\t\t\t\t\"Properties\": {\r\n\t\t\t\t\t\t\"Prefix\": \"Mr.\",\r\n\t\t\t\t\t\t\"FirstName\": \"George\",\r\n\t\t\t\t\t\t\"MiddleName\": \"Douglas \",\r\n\t\t\t\t\t\t\"LastName\": \"McFly\",\r\n\t\t\t\t\t\t\"Suffix\": null\r\n\t\t\t\t\t},\r\n\t\t\t\t\t\"Related\": [\r\n\t\t\t\t\t\t{\r\n\t\t\t\t\t\t\t\"ClassName\": \"ContactEmail\",\r\n\t\t\t\t\t\t\t\"Properties\": {\r\n\t\t\t\t\t\t\t\t\"Type\": \"Personal\",\r\n\t\t\t\t\t\t\t\t\"EmailAddress\": \"C@cc.ccc\"\r\n\t\t\t\t\t\t\t}\r\n\t\t\t\t\t\t}\r\n\t\t\t\t\t]\r\n\t\t\t\t},\r\n\t\t\t\t{\r\n\t\t\t\t\t\"ClassName\": \"Provider\",\r\n\t\t\t\t\t\"Properties\": {\r\n\t\t\t\t\t\t\"Prefix\": \"Dr.\",\r\n\t\t\t\t\t\t\"FirstName\": \"Emmit\",\r\n\t\t\t\t\t\t\"MiddleName\": \"Lathrup \",\r\n\t\t\t\t\t\t\"LastName\": \"Brown\",\r\n\t\t\t\t\t\t\"Suffix\": null,\r\n\t\t\t\t\t\t\"ProviderId\": \"123456789012\"\r\n\t\t\t\t\t}\r\n\t\t\t\t},\r\n\t\t\t\t{\r\n\t\t\t\t\t\"ClassName\": \"Member\",\r\n\t\t\t\t\t\"Properties\": {\r\n\t\t\t\t\t\t\"Prefix\": \"Mstr\",\r\n\t\t\t\t\t\t\"FirstName\": \"Martin\",\r\n\t\t\t\t\t\t\"MiddleName\": \"Seamus \",\r\n\t\t\t\t\t\t\"LastName\": \"McFly\",\r\n\t\t\t\t\t\t\"Suffix\": \"Jr\",\r\n\t\t\t\t\t\t\"MemberId\": \"12345678901\",\r\n\t\t\t\t\t\t\"RelationshipToPolicyHolder\": \"Nat Child/Ins No Fin Resp\"\r\n\t\t\t\t\t}\r\n\t\t\t\t},\r\n\t\t\t\t{\r\n\t\t\t\t\t\"ClassName\": \"Policy\",\r\n\t\t\t\t\t\"Properties\": {\r\n\t\t\t\t\t\t\"GroupNumber\": \"G12345\",\r\n\t\t\t\t\t\t\"CarrierPhoneNumber\": \"145-236-3215\",\r\n\t\t\t\t\t\t\"PolicyNumber\": \"P4567 \",\r\n\t\t\t\t\t\t\"PolicyDate\": \"2022-01-01\",\r\n\t\t\t\t\t\t\"EffectiveDate\": \"2022-01-02\",\r\n\t\t\t\t\t\t\"TermDate\": \"2022-12-31\"\r\n\t\t\t\t\t},\r\n\t\t\t\t\t\"Related\": [\r\n\t\t\t\t\t\t{\r\n\t\t\t\t\t\t\t\"ClassName\": \"PolicyHolder\",\r\n\t\t\t\t\t\t\t\"Properties\": {\r\n\t\t\t\t\t\t\t\t\"Prefix\": \"Mrs.\",\r\n\t\t\t\t\t\t\t\t\"FirstName\": \"Lorraine\",\r\n\t\t\t\t\t\t\t\t\"MiddleName\": \"Baines\",\r\n\t\t\t\t\t\t\t\t\"LastName\": \"McFly\"\r\n\t\t\t\t\t\t\t}\r\n\t\t\t\t\t\t},\r\n\t\t\t\t\t\t{\r\n\t\t\t\t\t\t\t\"ClassName\": \"Address\",\r\n\t\t\t\t\t\t\t\"Properties\": {\r\n\t\t\t\t\t\t\t\t\"Type\": \"Policy\",\r\n\t\t\t\t\t\t\t\t\"Attention\": \"Lorraine McFly\",\r\n\t\t\t\t\t\t\t\t\"Street1\": \"9303 Lyon Drive\",\r\n\t\t\t\t\t\t\t\t\"Street2\": \"S2\",\r\n\t\t\t\t\t\t\t\t\"Street3\": \"S3\",\r\n\t\t\t\t\t\t\t\t\"City\": \" Hill Valley\",\r\n\t\t\t\t\t\t\t\t\"State\": \"CA\",\r\n\t\t\t\t\t\t\t\t\"ZipCode\": \"95420\"\r\n\t\t\t\t\t\t\t}\r\n\t\t\t\t\t\t}\r\n\t\t\t\t\t]\r\n\t\t\t\t}\r\n\t\t\t]\r\n\t\t}\r\n\t]\r\n}","options":{"raw":{"language":"json"}}},"url":{"raw":"{{Root URL}}/COB Processing","host":["{{Root URL}}"],"path":["COB Processing"]}},"response":[]},{"name":"Document Admin Console","event":[{"listen":"test","script":{"id":"ced35351-2869-49d1-9470-473c5b0569ac","exec":["pm.test(\"Status code is 200\", function () {\r","\tpm.response.to.have.status(200);\r","});\r",""],"type":"text/javascript"}}],"id":"c8ca95a0-5cce-45b9-8615-af80e8307d7a","protocolProfileBehavior":{"disableBodyPruning":true},"request":{"method":"POST","header":[{"key":"Context","value":"{\"SourceApplication\":\"Postman\",\"CurrentUser\":\"CurrentSighedn in user\"}","type":"text"}],"body":{"mode":"raw","raw":"{\r\n\t\"SourceApplication\": \"Postman\",\r\n\t\"CurrentUSer\": \"ACRDEVER\",\r\n\t\"Data\": [\r\n\t\t{\r\n\t\t\t\"ClassName\": \"DocumentTypes\",\r\n\t\t\t\"Properties\": {\r\n\t\t\t\t\"DocumentType\": \"Guiding Care\",\r\n\t\t\t\t\"LetterType\": \"Appeal Dismissal New PA Received - Provider\",\r\n\t\t\t\t\"ProviderPortal\": true,\r\n\t\t\t\t\"MemberPortal\": false\r\n\t\t\t}\r\n\t\t},\r\n\t\t{\r\n\t\t\t\"ClassName\": \"DocumentTypes\",\r\n\t\t\t\"Properties\": {\r\n\t\t\t\t\"DocumentType\": \"Guiding Care\",\r\n\t\t\t\t\"LetterType\": \"Appeal Dismissal No Written Request - Provider\",\r\n\t\t\t\t\"ProviderPortal\": true,\r\n\t\t\t\t\"MemberPortal\": false\r\n\t\t\t}\r\n\t\t},\r\n\t\t{\r\n\t\t\t\"ClassName\": \"DocumentTypes\",\r\n\t\t\t\"Properties\": {\r\n\t\t\t\t\"DocumentType\": \"Guiding Care\",\r\n\t\t\t\t\"LetterType\": \"Balance Billing Warning - Provider\",\r\n\t\t\t\t\"ProviderPortal\": true,\r\n\t\t\t\t\"MemberPortal\": false\r\n\t\t\t}\r\n\t\t},\r\n\t\t{\r\n\t\t\t\"ClassName\": \"DocumentTypes\",\r\n\t\t\t\"Properties\": {\r\n\t\t\t\t\"DocumentType\": \"Guiding Care\",\r\n\t\t\t\t\"LetterType\": \"BH Denial Letter-OP Member \",\r\n\t\t\t\t\"ProviderPortal\": false,\r\n\t\t\t\t\"MemberPortal\": true\r\n\t\t\t}\r\n\t\t},\r\n\t\t{\r\n\t\t\t\"ClassName\": \"DocumentTypes\",\r\n\t\t\t\"Properties\": {\r\n\t\t\t\t\"DocumentType\": \"Guiding Care\",\r\n\t\t\t\t\"LetterType\": \"BH Trying to Reach \",\r\n\t\t\t\t\"ProviderPortal\": false,\r\n\t\t\t\t\"MemberPortal\": false\r\n\t\t\t}\r\n\t\t},\r\n\t\t{\r\n\t\t\t\"ClassName\": \"DocumentTypes\",\r\n\t\t\t\"Properties\": {\r\n\t\t\t\t\"DocumentType\": \"Guiding Care\",\r\n\t\t\t\t\"LetterType\": \"CCHMC Denial NOA 4066-OP Member\",\r\n\t\t\t\t\"ProviderPortal\": false,\r\n\t\t\t\t\"MemberPortal\": true\r\n\t\t\t}\r\n\t\t},\r\n\t\t{\r\n\t\t\t\"ClassName\": \"DocumentTypes\",\r\n\t\t\t\"Properties\": {\r\n\t\t\t\t\"DocumentType\": \"Guiding Care\",\r\n\t\t\t\t\"LetterType\": \"CCHMC Member Extension - Member\",\r\n\t\t\t\t\"ProviderPortal\": false,\r\n\t\t\t\t\"MemberPortal\": true\r\n\t\t\t}\r\n\t\t},\r\n\t\t{\r\n\t\t\t\"ClassName\": \"DocumentTypes\",\r\n\t\t\t\"Properties\": {\r\n\t\t\t\t\"DocumentType\": \"Guiding Care\",\r\n\t\t\t\t\"LetterType\": \"CCHMC Non Par Service Denial IP -Servicing\",\r\n\t\t\t\t\"ProviderPortal\": true,\r\n\t\t\t\t\"MemberPortal\": false\r\n\t\t\t}\r\n\t\t},\r\n\t\t{\r\n\t\t\t\"ClassName\": \"DocumentTypes\",\r\n\t\t\t\"Properties\": {\r\n\t\t\t\t\"DocumentType\": \"Guiding Care\",\r\n\t\t\t\t\"LetterType\": \"CCHMC Non Par Service Denial IP-Admitting\",\r\n\t\t\t\t\"ProviderPortal\": true,\r\n\t\t\t\t\"MemberPortal\": false\r\n\t\t\t}\r\n\t\t},\r\n\t\t{\r\n\t\t\t\"ClassName\": \"DocumentTypes\",\r\n\t\t\t\"Properties\": {\r\n\t\t\t\t\"DocumentType\": \"Guiding Care\",\r\n\t\t\t\t\"LetterType\": \"CCHMC Non Par Service Denial OP-Facility\",\r\n\t\t\t\t\"ProviderPortal\": true,\r\n\t\t\t\t\"MemberPortal\": false\r\n\t\t\t}\r\n\t\t},\r\n\t\t{\r\n\t\t\t\"ClassName\": \"DocumentTypes\",\r\n\t\t\t\"Properties\": {\r\n\t\t\t\t\"DocumentType\": \"Guiding Care\",\r\n\t\t\t\t\"LetterType\": \"CCHMC Provider Denial IP-Admitting Provider\",\r\n\t\t\t\t\"ProviderPortal\": true,\r\n\t\t\t\t\"MemberPortal\": false\r\n\t\t\t}\r\n\t\t},\r\n\t\t{\r\n\t\t\t\"ClassName\": \"DocumentTypes\",\r\n\t\t\t\"Properties\": {\r\n\t\t\t\t\"DocumentType\": \"Guiding Care\",\r\n\t\t\t\t\"LetterType\": \"CCHMC Provider Denial IP-Facility\",\r\n\t\t\t\t\"ProviderPortal\": true,\r\n\t\t\t\t\"MemberPortal\": false\r\n\t\t\t}\r\n\t\t},\r\n\t\t{\r\n\t\t\t\"ClassName\": \"DocumentTypes\",\r\n\t\t\t\"Properties\": {\r\n\t\t\t\t\"DocumentType\": \"Guiding Care\",\r\n\t\t\t\t\"LetterType\": \"CCHMC Provider Denial IP-Requesting Provider\",\r\n\t\t\t\t\"ProviderPortal\": true,\r\n\t\t\t\t\"MemberPortal\": false\r\n\t\t\t}\r\n\t\t},\r\n\t\t{\r\n\t\t\t\"ClassName\": \"DocumentTypes\",\r\n\t\t\t\"Properties\": {\r\n\t\t\t\t\"DocumentType\": \"Guiding Care\",\r\n\t\t\t\t\"LetterType\": \"CCHMC Provider Denial IP-Servicing Provider\",\r\n\t\t\t\t\"ProviderPortal\": true,\r\n\t\t\t\t\"MemberPortal\": false\r\n\t\t\t}\r\n\t\t},\r\n\t\t{\r\n\t\t\t\"ClassName\": \"DocumentTypes\",\r\n\t\t\t\"Properties\": {\r\n\t\t\t\t\"DocumentType\": \"Guiding Care\",\r\n\t\t\t\t\"LetterType\": \"CCHMC Provider Denial OP-Facility\",\r\n\t\t\t\t\"ProviderPortal\": true,\r\n\t\t\t\t\"MemberPortal\": false\r\n\t\t\t}\r\n\t\t},\r\n\t\t{\r\n\t\t\t\"ClassName\": \"DocumentTypes\",\r\n\t\t\t\"Properties\": {\r\n\t\t\t\t\"DocumentType\": \"Guiding Care\",\r\n\t\t\t\t\"LetterType\": \"CCHMC-4043 Denial IP-Admitting\",\r\n\t\t\t\t\"ProviderPortal\": true,\r\n\t\t\t\t\"MemberPortal\": false\r\n\t\t\t}\r\n\t\t},\r\n\t\t{\r\n\t\t\t\"ClassName\": \"DocumentTypes\",\r\n\t\t\t\"Properties\": {\r\n\t\t\t\t\"DocumentType\": \"Guiding Care\",\r\n\t\t\t\t\"LetterType\": \"Change in Care Coordinator Letter\",\r\n\t\t\t\t\"ProviderPortal\": false,\r\n\t\t\t\t\"MemberPortal\": false\r\n\t\t\t}\r\n\t\t},\r\n\t\t{\r\n\t\t\t\"ClassName\": \"DocumentTypes\",\r\n\t\t\t\"Properties\": {\r\n\t\t\t\t\"DocumentType\": \"Guiding Care\",\r\n\t\t\t\t\"LetterType\": \"Claims Sendback Letter - Provider\",\r\n\t\t\t\t\"ProviderPortal\": true,\r\n\t\t\t\t\"MemberPortal\": false\r\n\t\t\t}\r\n\t\t},\r\n\t\t{\r\n\t\t\t\"ClassName\": \"DocumentTypes\",\r\n\t\t\t\"Properties\": {\r\n\t\t\t\t\"DocumentType\": \"Guiding Care\",\r\n\t\t\t\t\"LetterType\": \"Clinical Grievance Acknowledgement with QIO - Mem\",\r\n\t\t\t\t\"ProviderPortal\": false,\r\n\t\t\t\t\"MemberPortal\": true\r\n\t\t\t}\r\n\t\t},\r\n\t\t{\r\n\t\t\t\"ClassName\": \"DocumentTypes\",\r\n\t\t\t\"Properties\": {\r\n\t\t\t\t\"DocumentType\": \"Guiding Care\",\r\n\t\t\t\t\"LetterType\": \"Complaint Acknowledgement - Provider\",\r\n\t\t\t\t\"ProviderPortal\": true,\r\n\t\t\t\t\"MemberPortal\": false\r\n\t\t\t}\r\n\t\t},\r\n\t\t{\r\n\t\t\t\"ClassName\": \"DocumentTypes\",\r\n\t\t\t\"Properties\": {\r\n\t\t\t\t\"DocumentType\": \"Guiding Care\",\r\n\t\t\t\t\"LetterType\": \"Complaint Acknowledgment - Member\",\r\n\t\t\t\t\"ProviderPortal\": false,\r\n\t\t\t\t\"MemberPortal\": true\r\n\t\t\t}\r\n\t\t},\r\n\t\t{\r\n\t\t\t\"ClassName\": \"DocumentTypes\",\r\n\t\t\t\"Properties\": {\r\n\t\t\t\t\"DocumentType\": \"Guiding Care\",\r\n\t\t\t\t\"LetterType\": \"Complaint Resolution - Member\",\r\n\t\t\t\t\"ProviderPortal\": false,\r\n\t\t\t\t\"MemberPortal\": true\r\n\t\t\t}\r\n\t\t},\r\n\t\t{\r\n\t\t\t\"ClassName\": \"DocumentTypes\",\r\n\t\t\t\"Properties\": {\r\n\t\t\t\t\"DocumentType\": \"Guiding Care\",\r\n\t\t\t\t\"LetterType\": \"Complaint Resolution - Provider\",\r\n\t\t\t\t\"ProviderPortal\": true,\r\n\t\t\t\t\"MemberPortal\": false\r\n\t\t\t}\r\n\t\t},\r\n\t\t{\r\n\t\t\t\"ClassName\": \"DocumentTypes\",\r\n\t\t\t\"Properties\": {\r\n\t\t\t\t\"DocumentType\": \"Guiding Care\",\r\n\t\t\t\t\"LetterType\": \"Coverage Request Dismissal - Provider\",\r\n\t\t\t\t\"ProviderPortal\": true,\r\n\t\t\t\t\"MemberPortal\": false\r\n\t\t\t}\r\n\t\t},\r\n\t\t{\r\n\t\t\t\"ClassName\": \"DocumentTypes\",\r\n\t\t\t\"Properties\": {\r\n\t\t\t\t\"DocumentType\": \"Guiding Care\",\r\n\t\t\t\t\"LetterType\": \"CSP Auto Re- Enrollment \",\r\n\t\t\t\t\"ProviderPortal\": false,\r\n\t\t\t\t\"MemberPortal\": false\r\n\t\t\t}\r\n\t\t},\r\n\t\t{\r\n\t\t\t\"ClassName\": \"DocumentTypes\",\r\n\t\t\t\"Properties\": {\r\n\t\t\t\t\"DocumentType\": \"Guiding Care\",\r\n\t\t\t\t\"LetterType\": \"CSP Provider Notification \",\r\n\t\t\t\t\"ProviderPortal\": false,\r\n\t\t\t\t\"MemberPortal\": false\r\n\t\t\t}\r\n\t\t},\r\n\t\t{\r\n\t\t\t\"ClassName\": \"DocumentTypes\",\r\n\t\t\t\"Properties\": {\r\n\t\t\t\t\"DocumentType\": \"Guiding Care\",\r\n\t\t\t\t\"LetterType\": \"Customer Care Complaint Resolution - Member\",\r\n\t\t\t\t\"ProviderPortal\": false,\r\n\t\t\t\t\"MemberPortal\": true\r\n\t\t\t}\r\n\t\t},\r\n\t\t{\r\n\t\t\t\"ClassName\": \"DocumentTypes\",\r\n\t\t\t\"Properties\": {\r\n\t\t\t\t\"DocumentType\": \"Guiding Care\",\r\n\t\t\t\t\"LetterType\": \"Customer Care Unable to Resolve Complaint - Member\",\r\n\t\t\t\t\"ProviderPortal\": false,\r\n\t\t\t\t\"MemberPortal\": true\r\n\t\t\t}\r\n\t\t},\r\n\t\t{\r\n\t\t\t\"ClassName\": \"DocumentTypes\",\r\n\t\t\t\"Properties\": {\r\n\t\t\t\t\"DocumentType\": \"Guiding Care\",\r\n\t\t\t\t\"LetterType\": \"Denial of Continued Stay IP-Member \",\r\n\t\t\t\t\"ProviderPortal\": false,\r\n\t\t\t\t\"MemberPortal\": true\r\n\t\t\t}\r\n\t\t},\r\n\t\t{\r\n\t\t\t\"ClassName\": \"DocumentTypes\",\r\n\t\t\t\"Properties\": {\r\n\t\t\t\t\"DocumentType\": \"Guiding Care\",\r\n\t\t\t\t\"LetterType\": \"Dispute Extension - Provider\",\r\n\t\t\t\t\"ProviderPortal\": true,\r\n\t\t\t\t\"MemberPortal\": false\r\n\t\t\t}\r\n\t\t},\r\n\t\t{\r\n\t\t\t\"ClassName\": \"DocumentTypes\",\r\n\t\t\t\"Properties\": {\r\n\t\t\t\t\"DocumentType\": \"Guiding Care\",\r\n\t\t\t\t\"LetterType\": \"DMR Approval - Member\",\r\n\t\t\t\t\"ProviderPortal\": false,\r\n\t\t\t\t\"MemberPortal\": true\r\n\t\t\t}\r\n\t\t},\r\n\t\t{\r\n\t\t\t\"ClassName\": \"DocumentTypes\",\r\n\t\t\t\"Properties\": {\r\n\t\t\t\t\"DocumentType\": \"Guiding Care\",\r\n\t\t\t\t\"LetterType\": \"DMR Denial - Integrated Notice - Member\",\r\n\t\t\t\t\"ProviderPortal\": false,\r\n\t\t\t\t\"MemberPortal\": true\r\n\t\t\t}\r\n\t\t},\r\n\t\t{\r\n\t\t\t\"ClassName\": \"DocumentTypes\",\r\n\t\t\t\"Properties\": {\r\n\t\t\t\t\"DocumentType\": \"Guiding Care\",\r\n\t\t\t\t\"LetterType\": \"DMR Denial - Medicare Only - Member\",\r\n\t\t\t\t\"ProviderPortal\": false,\r\n\t\t\t\t\"MemberPortal\": true\r\n\t\t\t}\r\n\t\t},\r\n\t\t{\r\n\t\t\t\"ClassName\": \"DocumentTypes\",\r\n\t\t\t\"Properties\": {\r\n\t\t\t\t\"DocumentType\": \"Guiding Care\",\r\n\t\t\t\t\"LetterType\": \"Expedited Grievance Denial - No Rights - Member\",\r\n\t\t\t\t\"ProviderPortal\": false,\r\n\t\t\t\t\"MemberPortal\": true\r\n\t\t\t}\r\n\t\t},\r\n\t\t{\r\n\t\t\t\"ClassName\": \"DocumentTypes\",\r\n\t\t\t\"Properties\": {\r\n\t\t\t\t\"DocumentType\": \"Guiding Care\",\r\n\t\t\t\t\"LetterType\": \"External Review Approval - Provider\",\r\n\t\t\t\t\"ProviderPortal\": true,\r\n\t\t\t\t\"MemberPortal\": false\r\n\t\t\t}\r\n\t\t},\r\n\t\t{\r\n\t\t\t\"ClassName\": \"DocumentTypes\",\r\n\t\t\t\"Properties\": {\r\n\t\t\t\t\"DocumentType\": \"Guiding Care\",\r\n\t\t\t\t\"LetterType\": \"External Review Denial - Provider\",\r\n\t\t\t\t\"ProviderPortal\": true,\r\n\t\t\t\t\"MemberPortal\": false\r\n\t\t\t}\r\n\t\t},\r\n\t\t{\r\n\t\t\t\"ClassName\": \"DocumentTypes\",\r\n\t\t\t\"Properties\": {\r\n\t\t\t\t\"DocumentType\": \"Guiding Care\",\r\n\t\t\t\t\"LetterType\": \"External Review Expedited Acknowledgement - Provid\",\r\n\t\t\t\t\"ProviderPortal\": true,\r\n\t\t\t\t\"MemberPortal\": false\r\n\t\t\t}\r\n\t\t},\r\n\t\t{\r\n\t\t\t\"ClassName\": \"DocumentTypes\",\r\n\t\t\t\"Properties\": {\r\n\t\t\t\t\"DocumentType\": \"Guiding Care\",\r\n\t\t\t\t\"LetterType\": \"External Review Post Service Acknowledgement - Pro\",\r\n\t\t\t\t\"ProviderPortal\": true,\r\n\t\t\t\t\"MemberPortal\": false\r\n\t\t\t}\r\n\t\t},\r\n\t\t{\r\n\t\t\t\"ClassName\": \"DocumentTypes\",\r\n\t\t\t\"Properties\": {\r\n\t\t\t\t\"DocumentType\": \"Guiding Care\",\r\n\t\t\t\t\"LetterType\": \"External Review Standard Acknowledgement - Provid\",\r\n\t\t\t\t\"ProviderPortal\": true,\r\n\t\t\t\t\"MemberPortal\": false\r\n\t\t\t}\r\n\t\t},\r\n\t\t{\r\n\t\t\t\"ClassName\": \"DocumentTypes\",\r\n\t\t\t\"Properties\": {\r\n\t\t\t\t\"DocumentType\": \"Guiding Care\",\r\n\t\t\t\t\"LetterType\": \"GA Spanish Complaint Resolution - Member\",\r\n\t\t\t\t\"ProviderPortal\": false,\r\n\t\t\t\t\"MemberPortal\": true\r\n\t\t\t}\r\n\t\t},\r\n\t\t{\r\n\t\t\t\"ClassName\": \"DocumentTypes\",\r\n\t\t\t\"Properties\": {\r\n\t\t\t\t\"DocumentType\": \"Guiding Care\",\r\n\t\t\t\t\"LetterType\": \"Grievance Acknowledgement Superior Vision - Member\",\r\n\t\t\t\t\"ProviderPortal\": false,\r\n\t\t\t\t\"MemberPortal\": true\r\n\t\t\t}\r\n\t\t},\r\n\t\t{\r\n\t\t\t\"ClassName\": \"DocumentTypes\",\r\n\t\t\t\"Properties\": {\r\n\t\t\t\t\"DocumentType\": \"Guiding Care\",\r\n\t\t\t\t\"LetterType\": \"Grievance Extension Request - Member\",\r\n\t\t\t\t\"ProviderPortal\": false,\r\n\t\t\t\t\"MemberPortal\": true\r\n\t\t\t}\r\n\t\t},\r\n\t\t{\r\n\t\t\t\"ClassName\": \"DocumentTypes\",\r\n\t\t\t\"Properties\": {\r\n\t\t\t\t\"DocumentType\": \"Guiding Care\",\r\n\t\t\t\t\"LetterType\": \"Grievance Missed Appointment Fee - Member\",\r\n\t\t\t\t\"ProviderPortal\": false,\r\n\t\t\t\t\"MemberPortal\": true\r\n\t\t\t}\r\n\t\t},\r\n\t\t{\r\n\t\t\t\"ClassName\": \"DocumentTypes\",\r\n\t\t\t\"Properties\": {\r\n\t\t\t\t\"DocumentType\": \"Guiding Care\",\r\n\t\t\t\t\"LetterType\": \"Grievance Missed Appointment Fee - Provider\",\r\n\t\t\t\t\"ProviderPortal\": true,\r\n\t\t\t\t\"MemberPortal\": false\r\n\t\t\t}\r\n\t\t},\r\n\t\t{\r\n\t\t\t\"ClassName\": \"DocumentTypes\",\r\n\t\t\t\"Properties\": {\r\n\t\t\t\t\"DocumentType\": \"Guiding Care\",\r\n\t\t\t\t\"LetterType\": \"Grievance Outcome - Member\",\r\n\t\t\t\t\"ProviderPortal\": false,\r\n\t\t\t\t\"MemberPortal\": true\r\n\t\t\t}\r\n\t\t},\r\n\t\t{\r\n\t\t\t\"ClassName\": \"DocumentTypes\",\r\n\t\t\t\"Properties\": {\r\n\t\t\t\t\"DocumentType\": \"Guiding Care\",\r\n\t\t\t\t\"LetterType\": \"Grievance Resolution Superior Vision - Member\",\r\n\t\t\t\t\"ProviderPortal\": false,\r\n\t\t\t\t\"MemberPortal\": true\r\n\t\t\t}\r\n\t\t},\r\n\t\t{\r\n\t\t\t\"ClassName\": \"DocumentTypes\",\r\n\t\t\t\"Properties\": {\r\n\t\t\t\t\"DocumentType\": \"Guiding Care\",\r\n\t\t\t\t\"LetterType\": \"Independent External Review Approval - Member\",\r\n\t\t\t\t\"ProviderPortal\": false,\r\n\t\t\t\t\"MemberPortal\": true\r\n\t\t\t}\r\n\t\t},\r\n\t\t{\r\n\t\t\t\"ClassName\": \"DocumentTypes\",\r\n\t\t\t\"Properties\": {\r\n\t\t\t\t\"DocumentType\": \"Guiding Care\",\r\n\t\t\t\t\"LetterType\": \"Inpatient Adverse Decision IP-Member\",\r\n\t\t\t\t\"ProviderPortal\": false,\r\n\t\t\t\t\"MemberPortal\": true\r\n\t\t\t}\r\n\t\t},\r\n\t\t{\r\n\t\t\t\"ClassName\": \"DocumentTypes\",\r\n\t\t\t\"Properties\": {\r\n\t\t\t\t\"DocumentType\": \"Guiding Care\",\r\n\t\t\t\t\"LetterType\": \"Inpatient Adverse Decision OP-Member\",\r\n\t\t\t\t\"ProviderPortal\": false,\r\n\t\t\t\t\"MemberPortal\": true\r\n\t\t\t}\r\n\t\t},\r\n\t\t{\r\n\t\t\t\"ClassName\": \"DocumentTypes\",\r\n\t\t\t\"Properties\": {\r\n\t\t\t\t\"DocumentType\": \"Guiding Care\",\r\n\t\t\t\t\"LetterType\": \"IRE Approval - Provider\",\r\n\t\t\t\t\"ProviderPortal\": true,\r\n\t\t\t\t\"MemberPortal\": false\r\n\t\t\t}\r\n\t\t},\r\n\t\t{\r\n\t\t\t\"ClassName\": \"DocumentTypes\",\r\n\t\t\t\"Properties\": {\r\n\t\t\t\t\"DocumentType\": \"Guiding Care\",\r\n\t\t\t\t\"LetterType\": \"IRE Overturn - Member\",\r\n\t\t\t\t\"ProviderPortal\": false,\r\n\t\t\t\t\"MemberPortal\": true\r\n\t\t\t}\r\n\t\t},\r\n\t\t{\r\n\t\t\t\"ClassName\": \"DocumentTypes\",\r\n\t\t\t\"Properties\": {\r\n\t\t\t\t\"DocumentType\": \"Guiding Care\",\r\n\t\t\t\t\"LetterType\": \"IRE Overturn - Provider\",\r\n\t\t\t\t\"ProviderPortal\": true,\r\n\t\t\t\t\"MemberPortal\": false\r\n\t\t\t}\r\n\t\t},\r\n\t\t{\r\n\t\t\t\"ClassName\": \"DocumentTypes\",\r\n\t\t\t\"Properties\": {\r\n\t\t\t\t\"DocumentType\": \"Guiding Care\",\r\n\t\t\t\t\"LetterType\": \"LIP Change of Provider Approval \",\r\n\t\t\t\t\"ProviderPortal\": true,\r\n\t\t\t\t\"MemberPortal\": false\r\n\t\t\t}\r\n\t\t},\r\n\t\t{\r\n\t\t\t\"ClassName\": \"DocumentTypes\",\r\n\t\t\t\"Properties\": {\r\n\t\t\t\t\"DocumentType\": \"Guiding Care\",\r\n\t\t\t\t\"LetterType\": \"LIP Member Notification of Enrollment \",\r\n\t\t\t\t\"ProviderPortal\": false,\r\n\t\t\t\t\"MemberPortal\": true\r\n\t\t\t}\r\n\t\t},\r\n\t\t{\r\n\t\t\t\"ClassName\": \"DocumentTypes\",\r\n\t\t\t\"Properties\": {\r\n\t\t\t\t\"DocumentType\": \"Guiding Care\",\r\n\t\t\t\t\"LetterType\": \"LIP Spanish Change of Provider Approval \",\r\n\t\t\t\t\"ProviderPortal\": true,\r\n\t\t\t\t\"MemberPortal\": false\r\n\t\t\t}\r\n\t\t},\r\n\t\t{\r\n\t\t\t\"ClassName\": \"DocumentTypes\",\r\n\t\t\t\"Properties\": {\r\n\t\t\t\t\"DocumentType\": \"Guiding Care\",\r\n\t\t\t\t\"LetterType\": \"LIP Spanish Member Notification of Enrollment \",\r\n\t\t\t\t\"ProviderPortal\": false,\r\n\t\t\t\t\"MemberPortal\": true\r\n\t\t\t}\r\n\t\t},\r\n\t\t{\r\n\t\t\t\"ClassName\": \"DocumentTypes\",\r\n\t\t\t\"Properties\": {\r\n\t\t\t\t\"DocumentType\": \"Guiding Care\",\r\n\t\t\t\t\"LetterType\": \"LIP Spanish Provider Declined Member \",\r\n\t\t\t\t\"ProviderPortal\": false,\r\n\t\t\t\t\"MemberPortal\": true\r\n\t\t\t}\r\n\t\t},\r\n\t\t{\r\n\t\t\t\"ClassName\": \"DocumentTypes\",\r\n\t\t\t\"Properties\": {\r\n\t\t\t\t\"DocumentType\": \"Guiding Care\",\r\n\t\t\t\t\"LetterType\": \"Medicaid Only Appeal Approval with State Hearing \",\r\n\t\t\t\t\"ProviderPortal\": true,\r\n\t\t\t\t\"MemberPortal\": false\r\n\t\t\t}\r\n\t\t},\r\n\t\t{\r\n\t\t\t\"ClassName\": \"DocumentTypes\",\r\n\t\t\t\"Properties\": {\r\n\t\t\t\t\"DocumentType\": \"Guiding Care\",\r\n\t\t\t\t\"LetterType\": \"Medically Frail Approval\",\r\n\t\t\t\t\"ProviderPortal\": true,\r\n\t\t\t\t\"MemberPortal\": false\r\n\t\t\t}\r\n\t\t},\r\n\t\t{\r\n\t\t\t\"ClassName\": \"DocumentTypes\",\r\n\t\t\t\"Properties\": {\r\n\t\t\t\t\"DocumentType\": \"Guiding Care\",\r\n\t\t\t\t\"LetterType\": \"Medically Frail Denial Member \",\r\n\t\t\t\t\"ProviderPortal\": false,\r\n\t\t\t\t\"MemberPortal\": true\r\n\t\t\t}\r\n\t\t},\r\n\t\t{\r\n\t\t\t\"ClassName\": \"DocumentTypes\",\r\n\t\t\t\"Properties\": {\r\n\t\t\t\t\"DocumentType\": \"Guiding Care\",\r\n\t\t\t\t\"LetterType\": \"Medicare Only Denial - Provider\",\r\n\t\t\t\t\"ProviderPortal\": true,\r\n\t\t\t\t\"MemberPortal\": false\r\n\t\t\t}\r\n\t\t},\r\n\t\t{\r\n\t\t\t\"ClassName\": \"DocumentTypes\",\r\n\t\t\t\"Properties\": {\r\n\t\t\t\t\"DocumentType\": \"Guiding Care\",\r\n\t\t\t\t\"LetterType\": \"Member Attribution\",\r\n\t\t\t\t\"ProviderPortal\": false,\r\n\t\t\t\t\"MemberPortal\": true\r\n\t\t\t}\r\n\t\t},\r\n\t\t{\r\n\t\t\t\"ClassName\": \"DocumentTypes\",\r\n\t\t\t\"Properties\": {\r\n\t\t\t\t\"DocumentType\": \"Guiding Care\",\r\n\t\t\t\t\"LetterType\": \"Member Engagement\",\r\n\t\t\t\t\"ProviderPortal\": false,\r\n\t\t\t\t\"MemberPortal\": true\r\n\t\t\t}\r\n\t\t},\r\n\t\t{\r\n\t\t\t\"ClassName\": \"DocumentTypes\",\r\n\t\t\t\"Properties\": {\r\n\t\t\t\t\"DocumentType\": \"Guiding Care\",\r\n\t\t\t\t\"LetterType\": \"Member Materials - HIPAA \",\r\n\t\t\t\t\"ProviderPortal\": false,\r\n\t\t\t\t\"MemberPortal\": true\r\n\t\t\t}\r\n\t\t},\r\n\t\t{\r\n\t\t\t\"ClassName\": \"DocumentTypes\",\r\n\t\t\t\"Properties\": {\r\n\t\t\t\t\"DocumentType\": \"Guiding Care\",\r\n\t\t\t\t\"LetterType\": \"No Member Liability Dismissal - Member\",\r\n\t\t\t\t\"ProviderPortal\": false,\r\n\t\t\t\t\"MemberPortal\": true\r\n\t\t\t}\r\n\t\t},\r\n\t\t{\r\n\t\t\t\"ClassName\": \"DocumentTypes\",\r\n\t\t\t\"Properties\": {\r\n\t\t\t\t\"DocumentType\": \"Guiding Care\",\r\n\t\t\t\t\"LetterType\": \"NOA Grievance Untimely Resolution - Member\",\r\n\t\t\t\t\"ProviderPortal\": false,\r\n\t\t\t\t\"MemberPortal\": true\r\n\t\t\t}\r\n\t\t},\r\n\t\t{\r\n\t\t\t\"ClassName\": \"DocumentTypes\",\r\n\t\t\t\"Properties\": {\r\n\t\t\t\t\"DocumentType\": \"Guiding Care\",\r\n\t\t\t\t\"LetterType\": \"Paid Claim Denial - Member\",\r\n\t\t\t\t\"ProviderPortal\": false,\r\n\t\t\t\t\"MemberPortal\": true\r\n\t\t\t}\r\n\t\t},\r\n\t\t{\r\n\t\t\t\"ClassName\": \"DocumentTypes\",\r\n\t\t\t\"Properties\": {\r\n\t\t\t\t\"DocumentType\": \"Guiding Care\",\r\n\t\t\t\t\"LetterType\": \"Paid Claim Denial - Provider\",\r\n\t\t\t\t\"ProviderPortal\": true,\r\n\t\t\t\t\"MemberPortal\": false\r\n\t\t\t}\r\n\t\t},\r\n\t\t{\r\n\t\t\t\"ClassName\": \"DocumentTypes\",\r\n\t\t\t\"Properties\": {\r\n\t\t\t\t\"DocumentType\": \"Guiding Care\",\r\n\t\t\t\t\"LetterType\": \"PCP Service Plan Provider Cover Letter\",\r\n\t\t\t\t\"ProviderPortal\": true,\r\n\t\t\t\t\"MemberPortal\": false\r\n\t\t\t}\r\n\t\t},\r\n\t\t{\r\n\t\t\t\"ClassName\": \"DocumentTypes\",\r\n\t\t\t\"Properties\": {\r\n\t\t\t\t\"DocumentType\": \"Guiding Care\",\r\n\t\t\t\t\"LetterType\": \"PHP IOP Member Denial Letter-IP\",\r\n\t\t\t\t\"ProviderPortal\": false,\r\n\t\t\t\t\"MemberPortal\": true\r\n\t\t\t}\r\n\t\t},\r\n\t\t{\r\n\t\t\t\"ClassName\": \"DocumentTypes\",\r\n\t\t\t\"Properties\": {\r\n\t\t\t\t\"DocumentType\": \"Guiding Care\",\r\n\t\t\t\t\"LetterType\": \"PHP IOP Member Denial Letter-OP\",\r\n\t\t\t\t\"ProviderPortal\": false,\r\n\t\t\t\t\"MemberPortal\": true\r\n\t\t\t}\r\n\t\t},\r\n\t\t{\r\n\t\t\t\"ClassName\": \"DocumentTypes\",\r\n\t\t\t\"Properties\": {\r\n\t\t\t\t\"DocumentType\": \"Guiding Care\",\r\n\t\t\t\t\"LetterType\": \"Post-Service Clinical Appeal Denial - Provider\",\r\n\t\t\t\t\"ProviderPortal\": true,\r\n\t\t\t\t\"MemberPortal\": false\r\n\t\t\t}\r\n\t\t},\r\n\t\t{\r\n\t\t\t\"ClassName\": \"DocumentTypes\",\r\n\t\t\t\"Properties\": {\r\n\t\t\t\t\"DocumentType\": \"Guiding Care\",\r\n\t\t\t\t\"LetterType\": \"Provider Complaint Dismissal - Timely Filing\",\r\n\t\t\t\t\"ProviderPortal\": true,\r\n\t\t\t\t\"MemberPortal\": false\r\n\t\t\t}\r\n\t\t},\r\n\t\t{\r\n\t\t\t\"ClassName\": \"DocumentTypes\",\r\n\t\t\t\"Properties\": {\r\n\t\t\t\t\"DocumentType\": \"Guiding Care\",\r\n\t\t\t\t\"LetterType\": \"Provider Extension IP-Admitting Provider\",\r\n\t\t\t\t\"ProviderPortal\": true,\r\n\t\t\t\t\"MemberPortal\": false\r\n\t\t\t}\r\n\t\t},\r\n\t\t{\r\n\t\t\t\"ClassName\": \"DocumentTypes\",\r\n\t\t\t\"Properties\": {\r\n\t\t\t\t\"DocumentType\": \"Guiding Care\",\r\n\t\t\t\t\"LetterType\": \"Provider Extension IP-Facility\",\r\n\t\t\t\t\"ProviderPortal\": true,\r\n\t\t\t\t\"MemberPortal\": false\r\n\t\t\t}\r\n\t\t},\r\n\t\t{\r\n\t\t\t\"ClassName\": \"DocumentTypes\",\r\n\t\t\t\"Properties\": {\r\n\t\t\t\t\"DocumentType\": \"Guiding Care\",\r\n\t\t\t\t\"LetterType\": \"Provider Extension IP-Requesting Provider\",\r\n\t\t\t\t\"ProviderPortal\": true,\r\n\t\t\t\t\"MemberPortal\": false\r\n\t\t\t}\r\n\t\t},\r\n\t\t{\r\n\t\t\t\"ClassName\": \"DocumentTypes\",\r\n\t\t\t\"Properties\": {\r\n\t\t\t\t\"DocumentType\": \"Guiding Care\",\r\n\t\t\t\t\"LetterType\": \"Provider Extension IP-Servicing Provider\",\r\n\t\t\t\t\"ProviderPortal\": true,\r\n\t\t\t\t\"MemberPortal\": false\r\n\t\t\t}\r\n\t\t},\r\n\t\t{\r\n\t\t\t\"ClassName\": \"DocumentTypes\",\r\n\t\t\t\"Properties\": {\r\n\t\t\t\t\"DocumentType\": \"Guiding Care\",\r\n\t\t\t\t\"LetterType\": \"Provider Extension OP-Facility\",\r\n\t\t\t\t\"ProviderPortal\": true,\r\n\t\t\t\t\"MemberPortal\": false\r\n\t\t\t}\r\n\t\t},\r\n\t\t{\r\n\t\t\t\"ClassName\": \"DocumentTypes\",\r\n\t\t\t\"Properties\": {\r\n\t\t\t\t\"DocumentType\": \"Guiding Care\",\r\n\t\t\t\t\"LetterType\": \"Provider Extension OP-Requesting Provider\",\r\n\t\t\t\t\"ProviderPortal\": true,\r\n\t\t\t\t\"MemberPortal\": false\r\n\t\t\t}\r\n\t\t},\r\n\t\t{\r\n\t\t\t\"ClassName\": \"DocumentTypes\",\r\n\t\t\t\"Properties\": {\r\n\t\t\t\t\"DocumentType\": \"Guiding Care\",\r\n\t\t\t\t\"LetterType\": \"Provider Extension OP-Servicing Provider\",\r\n\t\t\t\t\"ProviderPortal\": true,\r\n\t\t\t\t\"MemberPortal\": false\r\n\t\t\t}\r\n\t\t},\r\n\t\t{\r\n\t\t\t\"ClassName\": \"DocumentTypes\",\r\n\t\t\t\"Properties\": {\r\n\t\t\t\t\"DocumentType\": \"Guiding Care\",\r\n\t\t\t\t\"LetterType\": \"Residential Denial Letter-IP Member\",\r\n\t\t\t\t\"ProviderPortal\": false,\r\n\t\t\t\t\"MemberPortal\": true\r\n\t\t\t}\r\n\t\t},\r\n\t\t{\r\n\t\t\t\"ClassName\": \"DocumentTypes\",\r\n\t\t\t\"Properties\": {\r\n\t\t\t\t\"DocumentType\": \"Guiding Care\",\r\n\t\t\t\t\"LetterType\": \"Residential Denial Letter-OP Member\",\r\n\t\t\t\t\"ProviderPortal\": false,\r\n\t\t\t\t\"MemberPortal\": true\r\n\t\t\t}\r\n\t\t},\r\n\t\t{\r\n\t\t\t\"ClassName\": \"DocumentTypes\",\r\n\t\t\t\"Properties\": {\r\n\t\t\t\t\"DocumentType\": \"Guiding Care\",\r\n\t\t\t\t\"LetterType\": \"SCA Approval-Admitting Provider\",\r\n\t\t\t\t\"ProviderPortal\": true,\r\n\t\t\t\t\"MemberPortal\": false\r\n\t\t\t}\r\n\t\t},\r\n\t\t{\r\n\t\t\t\"ClassName\": \"DocumentTypes\",\r\n\t\t\t\"Properties\": {\r\n\t\t\t\t\"DocumentType\": \"Guiding Care\",\r\n\t\t\t\t\"LetterType\": \"Serviced Member Provider Term Correction Letter\",\r\n\t\t\t\t\"ProviderPortal\": false,\r\n\t\t\t\t\"MemberPortal\": true\r\n\t\t\t}\r\n\t\t},\r\n\t\t{\r\n\t\t\t\"ClassName\": \"DocumentTypes\",\r\n\t\t\t\"Properties\": {\r\n\t\t\t\t\"DocumentType\": \"Guiding Care\",\r\n\t\t\t\t\"LetterType\": \"Serviced Member Provider Term Letter\",\r\n\t\t\t\t\"ProviderPortal\": false,\r\n\t\t\t\t\"MemberPortal\": true\r\n\t\t\t}\r\n\t\t},\r\n\t\t{\r\n\t\t\t\"ClassName\": \"DocumentTypes\",\r\n\t\t\t\"Properties\": {\r\n\t\t\t\t\"DocumentType\": \"Guiding Care\",\r\n\t\t\t\t\"LetterType\": \"SIU Member Contact Letter\",\r\n\t\t\t\t\"ProviderPortal\": false,\r\n\t\t\t\t\"MemberPortal\": true\r\n\t\t\t}\r\n\t\t},\r\n\t\t{\r\n\t\t\t\"ClassName\": \"DocumentTypes\",\r\n\t\t\t\"Properties\": {\r\n\t\t\t\t\"DocumentType\": \"Guiding Care\",\r\n\t\t\t\t\"LetterType\": \"Spanish Appeal Acknowledgement - Member\",\r\n\t\t\t\t\"ProviderPortal\": false,\r\n\t\t\t\t\"MemberPortal\": true\r\n\t\t\t}\r\n\t\t},\r\n\t\t{\r\n\t\t\t\"ClassName\": \"DocumentTypes\",\r\n\t\t\t\"Properties\": {\r\n\t\t\t\t\"DocumentType\": \"Guiding Care\",\r\n\t\t\t\t\"LetterType\": \"Spanish Appeal Dismissal - Member\",\r\n\t\t\t\t\"ProviderPortal\": false,\r\n\t\t\t\t\"MemberPortal\": true\r\n\t\t\t}\r\n\t\t},\r\n\t\t{\r\n\t\t\t\"ClassName\": \"DocumentTypes\",\r\n\t\t\t\"Properties\": {\r\n\t\t\t\t\"DocumentType\": \"Guiding Care\",\r\n\t\t\t\t\"LetterType\": \"Spanish Appeal Dismissal - No 2nd Level - Member\",\r\n\t\t\t\t\"ProviderPortal\": false,\r\n\t\t\t\t\"MemberPortal\": true\r\n\t\t\t}\r\n\t\t},\r\n\t\t{\r\n\t\t\t\"ClassName\": \"DocumentTypes\",\r\n\t\t\t\"Properties\": {\r\n\t\t\t\t\"DocumentType\": \"Guiding Care\",\r\n\t\t\t\t\"LetterType\": \"Spanish Appeal Extension - Member\",\r\n\t\t\t\t\"ProviderPortal\": false,\r\n\t\t\t\t\"MemberPortal\": true\r\n\t\t\t}\r\n\t\t},\r\n\t\t{\r\n\t\t\t\"ClassName\": \"DocumentTypes\",\r\n\t\t\t\"Properties\": {\r\n\t\t\t\t\"DocumentType\": \"Guiding Care\",\r\n\t\t\t\t\"LetterType\": \"Spanish Appeal of Adverse Grievance Decision - Mem\",\r\n\t\t\t\t\"ProviderPortal\": false,\r\n\t\t\t\t\"MemberPortal\": true\r\n\t\t\t}\r\n\t\t},\r\n\t\t{\r\n\t\t\t\"ClassName\": \"DocumentTypes\",\r\n\t\t\t\"Properties\": {\r\n\t\t\t\t\"DocumentType\": \"Guiding Care\",\r\n\t\t\t\t\"LetterType\": \"Spanish Appeal of Grievance - Member\",\r\n\t\t\t\t\"ProviderPortal\": false,\r\n\t\t\t\t\"MemberPortal\": true\r\n\t\t\t}\r\n\t\t},\r\n\t\t{\r\n\t\t\t\"ClassName\": \"DocumentTypes\",\r\n\t\t\t\"Properties\": {\r\n\t\t\t\t\"DocumentType\": \"Guiding Care\",\r\n\t\t\t\t\"LetterType\": \"Spanish Appeal Withdrawal - Member\",\r\n\t\t\t\t\"ProviderPortal\": false,\r\n\t\t\t\t\"MemberPortal\": true\r\n\t\t\t}\r\n\t\t},\r\n\t\t{\r\n\t\t\t\"ClassName\": \"DocumentTypes\",\r\n\t\t\t\"Properties\": {\r\n\t\t\t\t\"DocumentType\": \"Guiding Care\",\r\n\t\t\t\t\"LetterType\": \"Spanish Approval IP - Member \",\r\n\t\t\t\t\"ProviderPortal\": false,\r\n\t\t\t\t\"MemberPortal\": true\r\n\t\t\t}\r\n\t\t},\r\n\t\t{\r\n\t\t\t\"ClassName\": \"DocumentTypes\",\r\n\t\t\t\"Properties\": {\r\n\t\t\t\t\"DocumentType\": \"Guiding Care\",\r\n\t\t\t\t\"LetterType\": \"Spanish Approval OP - Member \",\r\n\t\t\t\t\"ProviderPortal\": false,\r\n\t\t\t\t\"MemberPortal\": true\r\n\t\t\t}\r\n\t\t},\r\n\t\t{\r\n\t\t\t\"ClassName\": \"DocumentTypes\",\r\n\t\t\t\"Properties\": {\r\n\t\t\t\t\"DocumentType\": \"Guiding Care\",\r\n\t\t\t\t\"LetterType\": \"Spanish BH Denial Letter-IP Member\",\r\n\t\t\t\t\"ProviderPortal\": false,\r\n\t\t\t\t\"MemberPortal\": true\r\n\t\t\t}\r\n\t\t},\r\n\t\t{\r\n\t\t\t\"ClassName\": \"DocumentTypes\",\r\n\t\t\t\"Properties\": {\r\n\t\t\t\t\"DocumentType\": \"Guiding Care\",\r\n\t\t\t\t\"LetterType\": \"Spanish Claim Appeal Denial - Member\",\r\n\t\t\t\t\"ProviderPortal\": false,\r\n\t\t\t\t\"MemberPortal\": true\r\n\t\t\t}\r\n\t\t},\r\n\t\t{\r\n\t\t\t\"ClassName\": \"DocumentTypes\",\r\n\t\t\t\"Properties\": {\r\n\t\t\t\t\"DocumentType\": \"Guiding Care\",\r\n\t\t\t\t\"LetterType\": \"Spanish Complaint Appeal Dismissal - Member\",\r\n\t\t\t\t\"ProviderPortal\": false,\r\n\t\t\t\t\"MemberPortal\": true\r\n\t\t\t}\r\n\t\t},\r\n\t\t{\r\n\t\t\t\"ClassName\": \"DocumentTypes\",\r\n\t\t\t\"Properties\": {\r\n\t\t\t\t\"DocumentType\": \"Guiding Care\",\r\n\t\t\t\t\"LetterType\": \"Spanish Complaint Resolution - Member\",\r\n\t\t\t\t\"ProviderPortal\": false,\r\n\t\t\t\t\"MemberPortal\": true\r\n\t\t\t}\r\n\t\t},\r\n\t\t{\r\n\t\t\t\"ClassName\": \"DocumentTypes\",\r\n\t\t\t\"Properties\": {\r\n\t\t\t\t\"DocumentType\": \"Guiding Care\",\r\n\t\t\t\t\"LetterType\": \"Spanish Customer Care Unable to Resolve - Member\",\r\n\t\t\t\t\"ProviderPortal\": false,\r\n\t\t\t\t\"MemberPortal\": true\r\n\t\t\t}\r\n\t\t},\r\n\t\t{\r\n\t\t\t\"ClassName\": \"DocumentTypes\",\r\n\t\t\t\"Properties\": {\r\n\t\t\t\t\"DocumentType\": \"Guiding Care\",\r\n\t\t\t\t\"LetterType\": \"Spanish Dismissal - No AOR - Member\",\r\n\t\t\t\t\"ProviderPortal\": false,\r\n\t\t\t\t\"MemberPortal\": true\r\n\t\t\t}\r\n\t\t},\r\n\t\t{\r\n\t\t\t\"ClassName\": \"DocumentTypes\",\r\n\t\t\t\"Properties\": {\r\n\t\t\t\t\"DocumentType\": \"Guiding Care\",\r\n\t\t\t\t\"LetterType\": \"Spanish Dismissal Invalid Appeal - Member\",\r\n\t\t\t\t\"ProviderPortal\": false,\r\n\t\t\t\t\"MemberPortal\": true\r\n\t\t\t}\r\n\t\t},\r\n\t\t{\r\n\t\t\t\"ClassName\": \"DocumentTypes\",\r\n\t\t\t\"Properties\": {\r\n\t\t\t\t\"DocumentType\": \"Guiding Care\",\r\n\t\t\t\t\"LetterType\": \"Spanish DMR Approval - Member\",\r\n\t\t\t\t\"ProviderPortal\": false,\r\n\t\t\t\t\"MemberPortal\": true\r\n\t\t\t}\r\n\t\t},\r\n\t\t{\r\n\t\t\t\"ClassName\": \"DocumentTypes\",\r\n\t\t\t\"Properties\": {\r\n\t\t\t\t\"DocumentType\": \"Guiding Care\",\r\n\t\t\t\t\"LetterType\": \"Spanish DMR Denial - Member\",\r\n\t\t\t\t\"ProviderPortal\": false,\r\n\t\t\t\t\"MemberPortal\": true\r\n\t\t\t}\r\n\t\t},\r\n\t\t{\r\n\t\t\t\"ClassName\": \"DocumentTypes\",\r\n\t\t\t\"Properties\": {\r\n\t\t\t\t\"DocumentType\": \"Guiding Care\",\r\n\t\t\t\t\"LetterType\": \"Spanish Expedited to Standard - Member\",\r\n\t\t\t\t\"ProviderPortal\": false,\r\n\t\t\t\t\"MemberPortal\": true\r\n\t\t\t}\r\n\t\t},\r\n\t\t{\r\n\t\t\t\"ClassName\": \"DocumentTypes\",\r\n\t\t\t\"Properties\": {\r\n\t\t\t\t\"DocumentType\": \"Guiding Care\",\r\n\t\t\t\t\"LetterType\": \"Spanish Generic Dismissal - Member\",\r\n\t\t\t\t\"ProviderPortal\": false,\r\n\t\t\t\t\"MemberPortal\": true\r\n\t\t\t}\r\n\t\t},\r\n\t\t{\r\n\t\t\t\"ClassName\": \"DocumentTypes\",\r\n\t\t\t\"Properties\": {\r\n\t\t\t\t\"DocumentType\": \"Guiding Care\",\r\n\t\t\t\t\"LetterType\": \"Spanish Grievance Acknowledgement - Member\",\r\n\t\t\t\t\"ProviderPortal\": false,\r\n\t\t\t\t\"MemberPortal\": true\r\n\t\t\t}\r\n\t\t},\r\n\t\t{\r\n\t\t\t\"ClassName\": \"DocumentTypes\",\r\n\t\t\t\"Properties\": {\r\n\t\t\t\t\"DocumentType\": \"Guiding Care\",\r\n\t\t\t\t\"LetterType\": \"Spanish Grievance Extension Request- Member\",\r\n\t\t\t\t\"ProviderPortal\": false,\r\n\t\t\t\t\"MemberPortal\": true\r\n\t\t\t}\r\n\t\t},\r\n\t\t{\r\n\t\t\t\"ClassName\": \"DocumentTypes\",\r\n\t\t\t\"Properties\": {\r\n\t\t\t\t\"DocumentType\": \"Guiding Care\",\r\n\t\t\t\t\"LetterType\": \"Spanish Hybrid Denial - Member 4043\",\r\n\t\t\t\t\"ProviderPortal\": false,\r\n\t\t\t\t\"MemberPortal\": true\r\n\t\t\t}\r\n\t\t},\r\n\t\t{\r\n\t\t\t\"ClassName\": \"DocumentTypes\",\r\n\t\t\t\"Properties\": {\r\n\t\t\t\t\"DocumentType\": \"Guiding Care\",\r\n\t\t\t\t\"LetterType\": \"Spanish Hybrid Denial - Member 4046\",\r\n\t\t\t\t\"ProviderPortal\": false,\r\n\t\t\t\t\"MemberPortal\": true\r\n\t\t\t}\r\n\t\t},\r\n\t\t{\r\n\t\t\t\"ClassName\": \"DocumentTypes\",\r\n\t\t\t\"Properties\": {\r\n\t\t\t\t\"DocumentType\": \"Guiding Care\",\r\n\t\t\t\t\"LetterType\": \"Spanish Hybrid Denial - Member 4066\",\r\n\t\t\t\t\"ProviderPortal\": false,\r\n\t\t\t\t\"MemberPortal\": true\r\n\t\t\t}\r\n\t\t},\r\n\t\t{\r\n\t\t\t\"ClassName\": \"DocumentTypes\",\r\n\t\t\t\"Properties\": {\r\n\t\t\t\t\"DocumentType\": \"Guiding Care\",\r\n\t\t\t\t\"LetterType\": \"Spanish Independent External Review Approval - Mem\",\r\n\t\t\t\t\"ProviderPortal\": true,\r\n\t\t\t\t\"MemberPortal\": true\r\n\t\t\t}\r\n\t\t},\r\n\t\t{\r\n\t\t\t\"ClassName\": \"DocumentTypes\",\r\n\t\t\t\"Properties\": {\r\n\t\t\t\t\"DocumentType\": \"Guiding Care\",\r\n\t\t\t\t\"LetterType\": \"Spanish Inpatient Adverse Decision IP-Member\",\r\n\t\t\t\t\"ProviderPortal\": false,\r\n\t\t\t\t\"MemberPortal\": true\r\n\t\t\t}\r\n\t\t},\r\n\t\t{\r\n\t\t\t\"ClassName\": \"DocumentTypes\",\r\n\t\t\t\"Properties\": {\r\n\t\t\t\t\"DocumentType\": \"Guiding Care\",\r\n\t\t\t\t\"LetterType\": \"Spanish Inpatient Adverse Decision OP-Member\",\r\n\t\t\t\t\"ProviderPortal\": false,\r\n\t\t\t\t\"MemberPortal\": true\r\n\t\t\t}\r\n\t\t},\r\n\t\t{\r\n\t\t\t\"ClassName\": \"DocumentTypes\",\r\n\t\t\t\"Properties\": {\r\n\t\t\t\t\"DocumentType\": \"Guiding Care\",\r\n\t\t\t\t\"LetterType\": \"Spanish Integrated Denial Notice - Member\",\r\n\t\t\t\t\"ProviderPortal\": false,\r\n\t\t\t\t\"MemberPortal\": true\r\n\t\t\t}\r\n\t\t},\r\n\t\t{\r\n\t\t\t\"ClassName\": \"DocumentTypes\",\r\n\t\t\t\"Properties\": {\r\n\t\t\t\t\"DocumentType\": \"Guiding Care\",\r\n\t\t\t\t\"LetterType\": \"Spanish Medicaid Only Denial - Member 4043\",\r\n\t\t\t\t\"ProviderPortal\": false,\r\n\t\t\t\t\"MemberPortal\": true\r\n\t\t\t}\r\n\t\t},\r\n\t\t{\r\n\t\t\t\"ClassName\": \"DocumentTypes\",\r\n\t\t\t\"Properties\": {\r\n\t\t\t\t\"DocumentType\": \"Guiding Care\",\r\n\t\t\t\t\"LetterType\": \"Spanish Medicaid Only Denial - Member 4046\",\r\n\t\t\t\t\"ProviderPortal\": false,\r\n\t\t\t\t\"MemberPortal\": true\r\n\t\t\t}\r\n\t\t},\r\n\t\t{\r\n\t\t\t\"ClassName\": \"DocumentTypes\",\r\n\t\t\t\"Properties\": {\r\n\t\t\t\t\"DocumentType\": \"Guiding Care\",\r\n\t\t\t\t\"LetterType\": \"Spanish Medicaid Only Denial - Member 4066\",\r\n\t\t\t\t\"ProviderPortal\": false,\r\n\t\t\t\t\"MemberPortal\": true\r\n\t\t\t}\r\n\t\t},\r\n\t\t{\r\n\t\t\t\"ClassName\": \"DocumentTypes\",\r\n\t\t\t\"Properties\": {\r\n\t\t\t\t\"DocumentType\": \"Guiding Care\",\r\n\t\t\t\t\"LetterType\": \"Spanish Medicare Only Denial - Member\",\r\n\t\t\t\t\"ProviderPortal\": false,\r\n\t\t\t\t\"MemberPortal\": true\r\n\t\t\t}\r\n\t\t},\r\n\t\t{\r\n\t\t\t\"ClassName\": \"DocumentTypes\",\r\n\t\t\t\"Properties\": {\r\n\t\t\t\t\"DocumentType\": \"Guiding Care\",\r\n\t\t\t\t\"LetterType\": \"Spanish Misclassified Grievance or Appeal - Member\",\r\n\t\t\t\t\"ProviderPortal\": false,\r\n\t\t\t\t\"MemberPortal\": true\r\n\t\t\t}\r\n\t\t},\r\n\t\t{\r\n\t\t\t\"ClassName\": \"DocumentTypes\",\r\n\t\t\t\"Properties\": {\r\n\t\t\t\t\"DocumentType\": \"Guiding Care\",\r\n\t\t\t\t\"LetterType\": \"Spanish NOA Untimely - Member\",\r\n\t\t\t\t\"ProviderPortal\": false,\r\n\t\t\t\t\"MemberPortal\": true\r\n\t\t\t}\r\n\t\t},\r\n\t\t{\r\n\t\t\t\"ClassName\": \"DocumentTypes\",\r\n\t\t\t\"Properties\": {\r\n\t\t\t\t\"DocumentType\": \"Guiding Care\",\r\n\t\t\t\t\"LetterType\": \"Spanish Notice of Pmt Denial IP-Member\",\r\n\t\t\t\t\"ProviderPortal\": false,\r\n\t\t\t\t\"MemberPortal\": true\r\n\t\t\t}\r\n\t\t},\r\n\t\t{\r\n\t\t\t\"ClassName\": \"DocumentTypes\",\r\n\t\t\t\"Properties\": {\r\n\t\t\t\t\"DocumentType\": \"Guiding Care\",\r\n\t\t\t\t\"LetterType\": \"Spanish Notice of Pmt Denial OP-Member\",\r\n\t\t\t\t\"ProviderPortal\": false,\r\n\t\t\t\t\"MemberPortal\": true\r\n\t\t\t}\r\n\t\t},\r\n\t\t{\r\n\t\t\t\"ClassName\": \"DocumentTypes\",\r\n\t\t\t\"Properties\": {\r\n\t\t\t\t\"DocumentType\": \"Guiding Care\",\r\n\t\t\t\t\"LetterType\": \"Spanish Residential Denial-IP Member\",\r\n\t\t\t\t\"ProviderPortal\": false,\r\n\t\t\t\t\"MemberPortal\": true\r\n\t\t\t}\r\n\t\t},\r\n\t\t{\r\n\t\t\t\"ClassName\": \"DocumentTypes\",\r\n\t\t\t\"Properties\": {\r\n\t\t\t\t\"DocumentType\": \"Guiding Care\",\r\n\t\t\t\t\"LetterType\": \"Spanish Residential Denial-OP Member\",\r\n\t\t\t\t\"ProviderPortal\": false,\r\n\t\t\t\t\"MemberPortal\": true\r\n\t\t\t}\r\n\t\t},\r\n\t\t{\r\n\t\t\t\"ClassName\": \"DocumentTypes\",\r\n\t\t\t\"Properties\": {\r\n\t\t\t\t\"DocumentType\": \"Guiding Care\",\r\n\t\t\t\t\"LetterType\": \"Trying to Reach You - Member \",\r\n\t\t\t\t\"ProviderPortal\": false,\r\n\t\t\t\t\"MemberPortal\": true\r\n\t\t\t}\r\n\t\t},\r\n\t\t{\r\n\t\t\t\"ClassName\": \"DocumentTypes\",\r\n\t\t\t\"Properties\": {\r\n\t\t\t\t\"DocumentType\": \"Guiding Care\",\r\n\t\t\t\t\"LetterType\": \"Untimely Denial for Appeal - Member\",\r\n\t\t\t\t\"ProviderPortal\": false,\r\n\t\t\t\t\"MemberPortal\": true\r\n\t\t\t}\r\n\t\t}\r\n\t]\r\n}","options":{"raw":{"language":"json"}}},"url":{"raw":"{{Root URL}}/Document Admin Console","host":["{{Root URL}}"],"path":["Document Admin Console"]}},"response":[]},{"name":"Create COB Copy -Lipi","id":"6b4baa8f-3dfa-4d85-97eb-646d6189e066","protocolProfileBehavior":{"disableBodyPruning":true},"request":{"method":"POST","header":[{"key":"Context","value":"{\"SourceApplication\":\"Postman\",\"CurrentUser\":\"CurrentSighedn in user\"}","type":"text"}],"body":{"mode":"raw","raw":"{\r\n\t\"SourceApplication\": \"Postman\",\r\n\t\"CurrentUSer\": \"ACRDEVER\",\r\n\t\"Data\": [\r\n\t\t{\r\n\t\t\t\"ClassName\": \"COB\",\r\n\t\t\t\"Properties\": {\r\n\t\t\t\t\"DATERECEIVED\": \"2022-04-13\",\r\n\t\t\t\t\"Status\": \"New\",\r\n\t\t\t\t\"InsuranceType\": \"Medicare A/B/D\",\r\n\t\t\t\t\"DateClosed\": \"2022-05-13\",\r\n\t\t\t\t\"AssignedReviewer\": \"Biff Tanner\",\r\n\t\t\t\t\"LastVerificationDate\": \"2020-12-15\",\r\n\t\t\t\t\"AdditionalClaims\": false,\r\n\t\t\t\t\"Comment\": \"This is a Comment\",\r\n\t\t\t\t\"UpdateStatus\": \"Add\"\r\n\t\t\t},\r\n\t\t\t\"Related\": [\r\n\t\t\t\t{\r\n\t\t\t\t\t\"ClassName\": \"Updates\",\r\n\t\t\t\t\t\"Properties\": {\r\n\t\t\t\t\t\t\"insurancetype\": \"Medicare A/B/\",\r\n\t\t\t\t\t\t\"PolicyHolder\": \"New polocy Holder\",\r\n\t\t\t\t\t\t\"RelationshipToPolicyHolder\": \"Nat Child/Ins No Fin Resp\",\r\n\t\t\t\t\t\t\"GroupNumber\": \"G54321\",\r\n\t\t\t\t\t\t\"PolicyNumber\": \"P7654\",\r\n\t\t\t\t\t\t\"EffectiveDate\": \"2022-01-03\",\r\n\t\t\t\t\t\t\"TermDate\": \"2022-12-30\",\r\n\t\t\t\t\t\t\"LastVerified\": \"2022-05-31\"\r\n\t\t\t\t\t}\r\n\t\t\t\t},\r\n\t\t\t\t{\r\n\t\t\t\t\t\"ClassName\": \"Notes\",\r\n\t\t\t\t\t\"Properties\": {\r\n\t\t\t\t\t\t\"Note\": \"This is a note\"\r\n\t\t\t\t\t}\r\n\t\t\t\t},\r\n\t\t\t\t{\r\n\t\t\t\t\t\"ClassName\": \"Notes\",\r\n\t\t\t\t\t\"Properties\": {\r\n\t\t\t\t\t\t//  \"User\": \"Jane\",\r\n\t\t\t\t\t\t\"Note\": \"This is also a note-SHOULD  ROUTe TO ONBASE\"\r\n\t\t\t\t\t}\r\n\t\t\t\t},\r\n\t\t\t\t{\r\n\t\t\t\t\t\"ClassName\": \"Contact\",\r\n\t\t\t\t\t\"Properties\": {\r\n\t\t\t\t\t\t\"Prefix\": \"Mr.\",\r\n\t\t\t\t\t\t\"FirstName\": \"George\",\r\n\t\t\t\t\t\t\"MiddleName\": \"Douglas \",\r\n\t\t\t\t\t\t\"LastName\": \"McFly\",\r\n\t\t\t\t\t\t\"Suffix\": null\r\n\t\t\t\t\t},\r\n\t\t\t\t\t\"Related\": [\r\n\t\t\t\t\t\t{\r\n\t\t\t\t\t\t\t\"ClassName\": \"ContactEmail\",\r\n\t\t\t\t\t\t\t\"Properties\": {\r\n\t\t\t\t\t\t\t\t\"Type\": \"Personal\",\r\n\t\t\t\t\t\t\t\t\"EmailAddress\": \"C@cc.ccc\"\r\n\t\t\t\t\t\t\t}\r\n\t\t\t\t\t\t}\r\n\t\t\t\t\t]\r\n\t\t\t\t},\r\n\t\t\t\t{\r\n\t\t\t\t\t\"ClassName\": \"Provider\",\r\n\t\t\t\t\t\"Properties\": {\r\n\t\t\t\t\t\t\"Prefix\": \"Dr.\",\r\n\t\t\t\t\t\t\"FirstName\": \"Emmit\",\r\n\t\t\t\t\t\t\"MiddleName\": \"Lathrup \",\r\n\t\t\t\t\t\t\"LastName\": \"Brown\",\r\n\t\t\t\t\t\t\"Suffix\": null,\r\n\t\t\t\t\t\t\"ProviderId\": \"123456789012\"\r\n\t\t\t\t\t}\r\n\t\t\t\t},\r\n\t\t\t\t{\r\n\t\t\t\t\t\"ClassName\": \"Member\",\r\n\t\t\t\t\t\"Properties\": {\r\n\t\t\t\t\t\t//\"Prefix\": \"Mstr\",\r\n\t\t\t\t\t\t\"FirstName\": \"Martin\",\r\n\t\t\t\t\t\t\"MiddleName\": \"Seamus \",\r\n\t\t\t\t\t\t\"LastName\": \"McFly\",\r\n\t\t\t\t\t\t//\"Suffix\": \"Jr\",\r\n\t\t\t\t\t\t\"MemberId\": \"12345678900\",\r\n\t\t\t\t\t\t\"RelationshipToPolicyHolder\": \"Nat Child/Ins Fin Resp\"\r\n\t\t\t\t\t}\r\n\t\t\t\t},\r\n\t\t\t\t{\r\n\t\t\t\t\t\"ClassName\": \"Policy\",\r\n\t\t\t\t\t\"Properties\": {\r\n\t\t\t\t\t\t\"GroupNumber\": \"G12345\",\r\n\t\t\t\t\t\t\"CarrierPhoneNumber\": \"145-236-3215\",\r\n\t\t\t\t\t\t\"PolicyNumber\": \"P4567 \",\r\n\t\t\t\t\t\t\"PolicyDate\": \"2022-01-01\",\r\n\t\t\t\t\t\t\"EffectiveDate\": \"2022-01-02\",\r\n\t\t\t\t\t\t\"TermDate\": \"2022-12-31\"\r\n\t\t\t\t\t},\r\n\t\t\t\t\t\"Related\": [\r\n\t\t\t\t\t\t{\r\n\t\t\t\t\t\t\t\"ClassName\": \"PolicyHolder\",\r\n\t\t\t\t\t\t\t\"Properties\": {\r\n\t\t\t\t\t\t\t\t\"Prefix\": \"Mrs.\",\r\n\t\t\t\t\t\t\t\t\"FirstName\": \"Lorraine\",\r\n\t\t\t\t\t\t\t\t\"MiddleName\": \"Baines\",\r\n\t\t\t\t\t\t\t\t\"LastName\": \"McFly\"\r\n\t\t\t\t\t\t\t}\r\n\t\t\t\t\t\t},\r\n\t\t\t\t\t\t{\r\n\t\t\t\t\t\t\t\"ClassName\": \"Address\",\r\n\t\t\t\t\t\t\t\"Properties\": {\r\n\t\t\t\t\t\t\t\t\"Type\": \"Policy\",\r\n\t\t\t\t\t\t\t\t\"Attention\": \"Lorraine McFly\",\r\n\t\t\t\t\t\t\t\t\"Street1\": \"9303 Lyon Drive\",\r\n\t\t\t\t\t\t\t\t\"Street2\": \"S2\",\r\n\t\t\t\t\t\t\t\t\"Street3\": \"S3\",\r\n\t\t\t\t\t\t\t\t\"City\": \" Hill Valley\",\r\n\t\t\t\t\t\t\t\t\"State\": \"CA\",\r\n\t\t\t\t\t\t\t\t\"ZipCode\": \"95420\"\r\n\t\t\t\t\t\t\t}\r\n\t\t\t\t\t\t}\r\n\t\t\t\t\t]\r\n\t\t\t\t}\r\n\t\t\t]\r\n\t\t}\r\n\t]\r\n}","options":{"raw":{"language":"json"}}},"url":{"raw":"{{Root URL}}/COB Processing","host":["{{Root URL}}"],"path":["COB Processing"]}},"response":[]},{"name":"Create COB Copy -Lipi Copy","id":"4f488527-77d3-4cde-a5ce-bc7e18083d9e","protocolProfileBehavior":{"disableBodyPruning":true},"request":{"method":"POST","header":[{"key":"Context","value":"{\"SourceApplication\":\"Postman\",\"CurrentUser\":\"CurrentSighedn in user\"}","type":"text"}],"body":{"mode":"raw","raw":"{\r\n\t\"SourceApplication\": \"Postman\",\r\n\t\"CurrentUSer\": \"ACRDEVER\",\r\n\t\"Data\": [\r\n\t\t{\r\n\t\t\t\"ClassName\": \"COBsds\",\r\n\t\t\t\"Properties\": {\r\n\t\t\t\t\"DateReceived\": \"2022-04-13\",\r\n\t\t\t\t\"Status\": \"New\",\r\n\t\t\t\t\"InsuranceType\": \"Medicare A/B/2D\",\r\n\t\t\t\t\"DateClosed\": \"2022-05-13\",\r\n\t\t\t\t\"AssignedReviewer\": \"Biff Tanner\",\r\n\t\t\t\t\"LastVerificationDate\": \"2020-12-15\",\r\n\t\t\t\t\"AdditionalClaims\": true,\r\n\t\t\t\t\"Comment\": \"This is a Comment\",\r\n\t\t\t\t\"UpdateStatus\": \"Add\"\r\n\t\t\t},\r\n\t\t\t\"Related\": [\r\n\t\t\t\t{\r\n\t\t\t\t\t\"ClassName\": \"Updates;lk\",\r\n\t\t\t\t\t\"Properties\": {\r\n\t\t\t\t\t\t\"InsuranceType\": \"Medicare A/B/\",\r\n\t\t\t\t\t\t\"PolicyHolder\": \"New polocy Holder\",\r\n\t\t\t\t\t\t\"RelationshipToPolicyHolder\": \"Nat Child/Ins No Fin Resp\",\r\n\t\t\t\t\t\t\"GroupNumber\": \"G54321\",\r\n\t\t\t\t\t\t\"PolicyNumber\": \"P7654\",\r\n\t\t\t\t\t\t\"EffectiveDate\": \"2022-01-03\",\r\n\t\t\t\t\t\t\"TermDate\": \"2022-12-30\",\r\n\t\t\t\t\t\t\"LastVerified\": \"2022-05-31\"\r\n\t\t\t\t\t}\r\n\t\t\t\t},\r\n\t\t\t\t{\r\n\t\t\t\t\t\"ClassName\": \"Noteslkj\",\r\n\t\t\t\t\t\"Properties\": {\r\n\t\t\t\t\t\t\"Note\": \"This is a note\"\r\n\t\t\t\t\t}\r\n\t\t\t\t},\r\n\t\t\t\t{\r\n\t\t\t\t\t\"ClassName\": \"Notes\",\r\n\t\t\t\t\t\"Properties\": {\r\n\t\t\t\t\t\t\"User\": \"Jane\",\r\n\t\t\t\t\t\t\"Note\": \"This is also a note\"\r\n\t\t\t\t\t}\r\n\t\t\t\t},\r\n\t\t\t\t{\r\n\t\t\t\t\t\"ClassName\": \"Contactljlkj\",\r\n\t\t\t\t\t\"Properties\": {\r\n\t\t\t\t\t\t\"Prefix\": \"Mr.\",\r\n\t\t\t\t\t\t\"FirstName\": \"George\",\r\n\t\t\t\t\t\t\"MiddleName\": \"Douglas \",\r\n\t\t\t\t\t\t\"LastName\": \"McFly\",\r\n\t\t\t\t\t\t\"Suffix\": null\r\n\t\t\t\t\t},\r\n\t\t\t\t\t\"Related\": [\r\n\t\t\t\t\t\t{\r\n\t\t\t\t\t\t\t\"ClassName\": \"ContactEmaillkjoi\",\r\n\t\t\t\t\t\t\t\"Properties\": {\r\n\t\t\t\t\t\t\t\t\"Type\": \"Personal\",\r\n\t\t\t\t\t\t\t\t\"EmailAddress\": \"C@cc.ccc\"\r\n\t\t\t\t\t\t\t}\r\n\t\t\t\t\t\t}\r\n\t\t\t\t\t]\r\n\t\t\t\t},\r\n\t\t\t\t{\r\n\t\t\t\t\t\"ClassName\": \"Providerkho\",\r\n\t\t\t\t\t\"Properties\": {\r\n\t\t\t\t\t\t\"Prefix\": \"Dr.\",\r\n\t\t\t\t\t\t\"FirstName\": \"Emmit\",\r\n\t\t\t\t\t\t\"MiddleName\": \"Lathrup \",\r\n\t\t\t\t\t\t\"LastName\": \"Brown\",\r\n\t\t\t\t\t\t\"Suffix\": null,\r\n\t\t\t\t\t\t\"ProviderId\": \"123456789012\"\r\n\t\t\t\t\t}\r\n\t\t\t\t},\r\n\t\t\t\t{\r\n\t\t\t\t\t\"ClassName\": \"Memberlkjlk\",\r\n\t\t\t\t\t\"Properties\": {\r\n\t\t\t\t\t\t//\"Prefix\": \"Mstr\",\r\n\t\t\t\t\t\t\"FirstName\": \"Martin\",\r\n\t\t\t\t\t\t\"MiddleName\": \"Seamus \",\r\n\t\t\t\t\t\t\"LastName\": \"McFly\",\r\n\t\t\t\t\t\t//\"Suffix\": \"Jr\",\r\n\t\t\t\t\t\t\"MemberId\": \"1234567890111\",\r\n\t\t\t\t\t\t\"RelationshipToPolicyHolder\": \"Nat Child/Ins Fin Resp9\"\r\n\t\t\t\t\t}\r\n\t\t\t\t},\r\n\t\t\t\t{\r\n\t\t\t\t\t\"ClassName\": \"Policylkjlk\",\r\n\t\t\t\t\t\"Properties\": {\r\n\t\t\t\t\t\t\"GroupNumber\": \"G12345\",\r\n\t\t\t\t\t\t\"CarrierPhoneNumber\": \"145-236-3215\",\r\n\t\t\t\t\t\t\"PolicyNumber\": \"P4567 \",\r\n\t\t\t\t\t\t\"PolicyDate\": \"2022-01-01\",\r\n\t\t\t\t\t\t\"EffectiveDate\": \"2022-01-02\",\r\n\t\t\t\t\t\t\"TermDate\": \"2022-12-31\"\r\n\t\t\t\t\t},\r\n\t\t\t\t\t\"Related\": [\r\n\t\t\t\t\t\t{\r\n\t\t\t\t\t\t\t\"ClassName\": \"PolicyHolderlkjlk\",\r\n\t\t\t\t\t\t\t\"Properties\": {\r\n\t\t\t\t\t\t\t\t\"Prefix\": \"Mrs.\",\r\n\t\t\t\t\t\t\t\t\"FirstName\": \"Lorraine\",\r\n\t\t\t\t\t\t\t\t\"MiddleName\": \"Baines\",\r\n\t\t\t\t\t\t\t\t\"LastName\": \"McFly\"\r\n\t\t\t\t\t\t\t}\r\n\t\t\t\t\t\t},\r\n\t\t\t\t\t\t{\r\n\t\t\t\t\t\t\t\"ClassName\": \"Addresslkjlk\",\r\n\t\t\t\t\t\t\t\"Properties\": {\r\n\t\t\t\t\t\t\t\t\"Type\": \"Policy\",\r\n\t\t\t\t\t\t\t\t\"Attention\": \"Lorraine McFly\",\r\n\t\t\t\t\t\t\t\t\"Street1\": \"9303 Lyon Drive\",\r\n\t\t\t\t\t\t\t\t\"Street2\": \"S2\",\r\n\t\t\t\t\t\t\t\t\"Street3\": \"S3\",\r\n\t\t\t\t\t\t\t\t\"City\": \" Hill Valley\",\r\n\t\t\t\t\t\t\t\t\"State\": \"CA\",\r\n\t\t\t\t\t\t\t\t\"ZipCode\": \"95420\"\r\n\t\t\t\t\t\t\t}\r\n\t\t\t\t\t\t}\r\n\t\t\t\t\t]\r\n\t\t\t\t}\r\n\t\t\t]\r\n\t\t}\r\n\t]\r\n}","options":{"raw":{"language":"json"}}},"url":{"raw":"{{Root URL}}/COB Processing","host":["{{Root URL}}"],"path":["COB Processing"]}},"response":[]}],"auth":{"type":"basic","basic":[{"key":"password","value":"{{API Password}}","type":"string"},{"key":"username","value":"{{API User}}","type":"string"}]},"event":[{"listen":"prerequest","script":{"id":"576f117e-59bb-4607-91cb-6a106405e0e9","type":"text/javascript","exec":[""]}},{"listen":"test","script":{"id":"0ca388bc-d931-4e99-8358-836a0cfb3747","type":"text/javascript","exec":[""]}}],"variable":[{"id":"9d82bbf2-924e-422f-b041-b5a8b1f05113","key":"Port","value":"57439","type":"string"},{"id":"902fcdc8-5bf4-488e-9b2b-a5b3649810e7","key":"Service","value":"Workview","type":"string"},{"id":"29777333-7b1a-42ee-97cb-92093b28408f","key":"Version","value":"v5","type":"string"},{"id":"29afbdc9-507b-4971-a7cd-329530b0802a","key":"Controller","value":"Create","type":"string"}]}