{"info":{"_postman_id":"c837cd94-3049-4136-be3f-162d57de84eb","name":"Provider Service","schema":"https://schema.getpostman.com/json/collection/v2.1.0/collection.json"},"item":[{"name":"Get Provider","id":"2fc71e6c-3246-4026-8317-dbe0fd52e7f4","protocolProfileBehavior":{"disableBodyPruning":true},"request":{"auth":{"type":"basic","basic":[{"key":"password","value":"{{API Password}}","type":"string"},{"key":"username","value":"{{API User}}","type":"string"}]},"method":"GET","header":[{"key":"Accept","value":"application/json"}],"url":{"raw":"{{Root URL}}340714585004?SourceApplication=d&UserId=d","host":["{{Root URL}}340714585004"],"query":[{"key":"SourceApplication","value":"d"},{"key":"UserId","value":"d"}]}},"response":[]},{"name":"Search By NPI","id":"68acfc34-7789-4b17-9665-1733e6f7650f","request":{"method":"GET","header":[{"key":"Accept","value":"application/json"}],"url":{"raw":"{{Root URL}}{{NPI Action}}/1366518235?SourceApplication=d&UserId=d","host":["{{Root URL}}{{NPI Action}}"],"path":["1366518235"],"query":[{"key":"SourceApplication","value":"d"},{"key":"UserId","value":"d"}]}},"response":[]},{"name":"Search By TIN","id":"9b2f3b0a-e937-4542-a6e5-0ec6471b97fe","protocolProfileBehavior":{"disableBodyPruning":true},"request":{"method":"GET","header":[{"key":"Accept","value":"application/json"}],"url":{"raw":"{{Root URL}}{{TIN Action}}/010211503?SourceApplication=d&UserId=d","host":["{{Root URL}}{{TIN Action}}"],"path":["010211503"],"query":[{"key":"SourceApplication","value":"d"},{"key":"UserId","value":"d"}]}},"response":[]}],"auth":{"type":"basic","basic":[{"key":"password","value":"{{API Password}}","type":"string"},{"key":"username","value":"{{API User}}","type":"string"}]},"event":[{"listen":"prerequest","script":{"id":"c4f72b90-11fc-4ced-9aa0-995093c60cf3","type":"text/javascript","exec":[""]}},{"listen":"test","script":{"id":"2ede1a85-b789-4241-bafd-38e031bab764","type":"text/javascript","exec":[""]}}],"variable":[{"id":"db2e4e76-c385-4337-a0f6-885e15e68320","key":"Port","value":"7256","type":"string"},{"id":"f398d1ce-4c5c-48e3-a829-dc26cf05339b","key":"Service","value":"Provider","type":"string"},{"id":"74e0e63c-a917-4a09-ae27-aad44d82a39e","key":"Version","value":"v1","type":"string"},{"id":"eb937d08-1ff0-434d-bf8e-18c8ca83a4b2","key":"Controller","value":"","type":"string"},{"id":"6d867044-1c12-4e6c-b0ca-add03e90e5a9","key":"NPI Action","value":"NPI","type":"string"},{"id":"f7e01550-496e-4f99-bb85-c1521018decb","key":"TIN Action","value":"TIN","type":"string"}]}