{"info":{"_postman_id":"ce8b4107-06e0-4218-bb77-3a1f59b1e8f1","name":"test","schema":"https://schema.getpostman.com/json/collection/v2.1.0/collection.json"},"item":[{"name":"New Request","id":"ce4f7e10-c0a4-44f7-a809-c3dd60894510","protocolProfileBehavior":{"disableBodyPruning":true},"request":{"method":"POST","header":[],"body":{"mode":"raw","raw":"{\r\n\t\"communicationCategory\": \"string\",\r\n\t\"correspondenceId\": \"005{{$guid}}\",\r\n\t\"correspondenceIdDetail\": \"0002\",\r\n\t\"correspondenceType\": \"INV\",\r\n\t\"documentDateTime\": \"2022-03-24T20:52:54.763Z\",\r\n\t\"documentId\": 0,\r\n\t\"documentType\": \"string\",\r\n\t\"memberSuffix\": \"00\",\r\n\t\"providerId\": \"TESTING\",\r\n\t\"sourceSystem\": \"{{EnvironmentName}}\",\r\n\t\"subscriberId\": \"{{Random_SubscriberId}}\",\r\n\t\"statusPrint\": \"TESTING\",\r\n\t\"statusEmail\": \"string\",\t\r\n\t\"statusText\": \"string\",\r\n\t\"statusVoice\": \"string\",\r\n\t\"statusAMFA\": \"string\",\r\n\t\"amfaInd\": \"string\",\r\n\t\"batchNumber\": \"20230119.1\",\r\n\t\"batchDate\": \"2023-01-19\",\r\n\t\"sourceApplication\": \"string\",\r\n\t\"userId\": \"{{$randomFirstName}}\"\r\n}","options":{"raw":{"language":"json"}}},"url":{"raw":"{{Root URL}}PreferredCommunication/kafka","host":["{{Root URL}}PreferredCommunication"],"path":["kafka"]}},"response":[]},{"name":"New Request Copy","id":"438d3a1f-822a-4230-a48a-5ceb54f71160","protocolProfileBehavior":{"disableBodyPruning":true},"request":{"method":"POST","header":[],"body":{"mode":"raw","raw":"{\r\n\t\"communicationCategory\": \"string\",\r\n\t\"correspondenceId\": \"string\",\r\n\t\"correspondenceIdDetail\": \"0002\",\r\n\t\"correspondenceType\": \"INV\",\r\n\t\"documentDateTime\": \"2022-03-24T20:52:54.763Z\",\r\n\t\"documentId\": 0,\r\n\t\"documentType\": \"string\",\r\n\t\"memberSuffix\": \"00\",\r\n\t\"providerId\": \"{{Random_ProviderId}}\",\r\n\t\"sourceSystem\": \"\",\r\n\t\"subscriberId\": \"123456789\",\r\n\t\"statusPrint\": \"string\",\r\n\t\"statusEmail\": \"string\",\r\n\t\"statusText\": \"string\",\r\n\t\"statusVoice\": \"string\",\r\n\t\"statusAMFA\": \"string\",\r\n\t\"amfaInd\": \"string\",\r\n\t\"batchNumber\": \"string\",\r\n\t\"batchDate\": \"string\",\r\n\t\"sourceApplication\": \"string\",\r\n\t\"userId\": \"string\"\r\n}","options":{"raw":{"language":"json"}}},"url":{"raw":"{{Root URL}}PreferredCommunication/kafka","host":["{{Root URL}}PreferredCommunication"],"path":["kafka"]}},"response":[]},{"name":"New Request Copy","id":"178fd6e6-d037-4b7c-bc3a-d82230faa2c2","protocolProfileBehavior":{"disableBodyPruning":true},"request":{"method":"POST","header":[],"body":{"mode":"raw","raw":"{\r\n\t\"communicationCategory\": \"string\",\r\n\t\"correspondenceId\": \"string\",\r\n\t\"correspondenceIdDetail\": \"0002\",\r\n\t\"correspondenceType\": \"INV\",\r\n\t\"documentDateTime\": \"2022-03-24T20:52:54.763Z\",\r\n\t\"documentId\": 0,\r\n\t\"documentType\": \"string\",\r\n\t\"memberSuffix\": \"00\",\r\n\t\"providerId\": \"012345678912\",\r\n\t\"sourceSystem\": \"\",\r\n\t\"subscriberId\": \"123456789\",\r\n\t\"statusPrint\": \"string\",\r\n\t\"statusEmail\": \"string\",\r\n\t\"statusText\": \"string\",\r\n\t\"statusVoice\": \"string\",\r\n\t\"statusAMFA\": \"string\",\r\n\t\"amfaInd\": \"string\",\r\n\t\"batchNumber\": \"string\",\r\n\t\"batchDate\": \"string\",\r\n\t\"sourceApplication\": \"string\",\r\n\t\"userId\": \"string\"\r\n}","options":{"raw":{"language":"json"}}},"url":{"raw":"{{Root URL}}PreferredCommunication","host":["{{Root URL}}PreferredCommunication"]}},"response":[]}],"auth":{"type":"basic","basic":[{"key":"password","value":"{{API Password}}","type":"string"},{"key":"username","value":"{{API User}}","type":"string"}]},"event":[{"listen":"prerequest","script":{"id":"4826b769-4ff7-487a-9acf-efd6320019ad","type":"text/javascript","exec":["pm.environment.set(","\t\"Random_ProviderId\", ","\t_.random(100000000000, 999999999999));","","pm.environment.set(","\t\"Random_SubscriberId\", ","\t_.random(100000000, 999999999));","","pm.environment.set(","\t\"EnvironmentName\", ","\tpm.environment.name",");","","const moment = require('moment');","pm.environment.set(","\t\"CurrentDate\", ","\tmoment().format(\"YYYY-MM-DDTHH:mm:ss.sssZ\"));"]}},{"listen":"test","script":{"id":"23a3bd49-56f1-43b6-8f33-0c304e7ca4e8","type":"text/javascript","exec":[""]}}],"variable":[{"id":"7ef7b42e-b5f4-4cd1-b70a-4ae73f20e250","key":"Port","value":"63670","type":"string"},{"id":"9377cc24-fff6-4bc3-a42e-e6c5e87c95a3","key":"Controller","value":"","type":"string"},{"id":"d5b39ead-c8d8-488b-889e-2391b7a7bd27","key":"Service","value":"Messaging","type":"string"},{"id":"beefe657-5a10-4c8e-ba50-74de4961a17a","key":"Version","value":"v1","type":"string"}]}