{"info":{"_postman_id":"cfb0e96b-6f27-4b27-ac8f-f848afb42ff7","name":"Retrieve","schema":"https://schema.getpostman.com/json/collection/v2.1.0/collection.json"},"item":[{"name":"Get by Id","id":"01fa9f65-7b5c-4b65-8aa9-3a092c427c9a","protocolProfileBehavior":{"disableBodyPruning":true},"request":{"method":"GET","header":[],"url":{"raw":"{{Root URL}}/COB Processing/COB/38546292","host":["{{Root URL}}"],"path":["COB Processing","COB","38546292"]}},"response":[]},{"name":"Get by Id Copy","id":"57b50160-ba3d-47e3-88ed-9306421ea40c","protocolProfileBehavior":{"disableBodyPruning":true},"request":{"method":"GET","header":[],"url":{"raw":"{{Root URL}}/COB Processing/COB/39930531","host":["{{Root URL}}"],"path":["COB Processing","COB","39930531"]}},"response":[]}],"auth":{"type":"basic","basic":[{"key":"password","value":"{{API Password}}","type":"string"},{"key":"username","value":"{{API User}}","type":"string"}]},"event":[{"listen":"prerequest","script":{"id":"dac7b58f-19e0-4fd3-9237-0945c4992cc6","type":"text/javascript","exec":[""]}},{"listen":"test","script":{"id":"9df2bd96-6acd-418a-ab20-987121731745","type":"text/javascript","exec":[""]}}],"variable":[{"id":"81e14989-5128-47b7-aa41-553f41d283f6","key":"Port","value":"57439","type":"string"},{"id":"0bae2189-9c75-4666-a318-82b0d592b2b2","key":"Version","value":"v5","type":"string"},{"id":"46fbf29e-b6ad-4160-a568-32cb5d6b8a8a","key":"Service","value":"workView","type":"string"},{"id":"74dab3f4-b0c5-41a2-9281-e3b9caa894a6","key":"Controller","value":"retrieve","type":"string"}]}