{"info":{"_postman_id":"d614ee5e-fae8-41cd-a153-fa482bd66a08","name":"DataSet","schema":"https://schema.getpostman.com/json/collection/v2.1.0/collection.json"},"item":[{"name":"COB Status","id":"aaa88089-644e-4c5c-b83d-c14afbcc14c3","protocolProfileBehavior":{"disableBodyPruning":true},"request":{"method":"GET","header":[],"url":{"raw":"{{Root URL}}/COB Processing/COB/COB Status","host":["{{Root URL}}"],"path":["COB Processing","COB","COB Status"]}},"response":[]},{"name":"Insurance Type","id":"e2a0acee-1cee-4150-be8a-9b5e611cd33d","request":{"method":"GET","header":[{"key":"Accept","value":"application/json"}],"url":{"raw":"{{Root URL}}/COB Processing/COB/Insurance Type","host":["{{Root URL}}"],"path":["COB Processing","COB","Insurance Type"]}},"response":[]}],"auth":{"type":"basic","basic":[{"key":"password","value":"{{API Password}}","type":"string"},{"key":"username","value":"{{API User}}","type":"string"}]},"event":[{"listen":"prerequest","script":{"id":"64c44dee-fcd9-4fbd-9c9a-3f229616e859","type":"text/javascript","exec":[""]}},{"listen":"test","script":{"id":"44c10722-1932-4d2e-a82a-83d391842118","type":"text/javascript","exec":[""]}}],"variable":[{"id":"8e7623d8-951f-4768-8015-32ee9bdc524f","key":"Port","value":"57439","type":"string"},{"id":"4502699b-aa91-4d25-a0b4-bc43c7cf15fe","key":"Service","value":"Workview","type":"string"},{"id":"2963dda6-100b-42e3-a025-ad0555f275b8","key":"Version","value":"v5","type":"string"},{"id":"c4489239-4c40-42a6-8756-c6108cd92228","key":"Controller","value":"DataSet","type":"string"}]}