{"info":{"_postman_id":"dc269d0f-a134-4d3a-8a09-c3e90fbaf062","name":"Keywords-v6","schema":"https://schema.getpostman.com/json/collection/v2.1.0/collection.json"},"item":[{"name":"Update","event":[{"listen":"prerequest","script":{"exec":["var env = pm.environment.get(\"Environment\");\r","if (env === \"prd\") {\r","    throw new Error('Cannot run PUT, POST, or DELETE actions in Production');\r","}"],"type":"text/javascript"}}],"id":"c68ffcd2-c783-4038-88cf-5f14a57eee94","protocolProfileBehavior":{"disableBodyPruning":true},"request":{"method":"PUT","header":[{"key":"Accept","value":"application/json"}],"body":{"mode":"raw","raw":"{\r\n\t\"RequestData\": [\r\n\t\t{\"DocumentId\":120995520,\"Keywords\": {\"Status - Print\":\"READY\"}},\r\n\t\t{\"DocumentId\":120995432,\"Keywords\": {\"Status - Print\":\"READY\"}},\r\n\t\t{\"DocumentId\":120995426,\"Keywords\": {\"Status - Print\":\"READY\"}},\r\n\t\t{\"DocumentId\":120994123,\"Keywords\": {\"Status - Print\":\"READY\"}},\r\n\t\t{\"DocumentId\":120994116,\"Keywords\": {\"Status - Print\":\"READY\"}},\r\n\t\t{\"DocumentId\":120994113,\"Keywords\": {\"Status - Print\":\"READY\"}},\r\n\t\t{\"DocumentId\":120994101,\"Keywords\": {\"Status - Print\":\"READY\"}},\r\n\t\t{\"DocumentId\":120994088,\"Keywords\": {\"Status - Print\":\"READY\"}},\r\n\t\t{\"DocumentId\":120994078,\"Keywords\": {\"Status - Print\":\"READY\"}},\r\n\t\t{\"DocumentId\":120994064,\"Keywords\": {\"Status - Print\":\"READY\"}}\r\n\t],\r\n\t\"SourceApplication\": \"INC0870513\",\r\n\t\"UserId\": \"ACRDEVER\"\r\n}","options":{"raw":{"language":"json"}}},"url":{"raw":"{{Root URL}}/Update","host":["{{Root URL}}"],"path":["Update"]}},"response":[]}],"auth":{"type":"basic","basic":[{"key":"password","value":"{{API Password}}","type":"string"},{"key":"username","value":"{{API User}}","type":"string"}]},"event":[{"listen":"prerequest","script":{"id":"83aacc02-24a8-459a-a0d5-3a032b025f9a","type":"text/javascript","exec":[""]}},{"listen":"test","script":{"id":"84cde05c-b339-471d-9575-9e405858e230","type":"text/javascript","exec":[""]}}],"variable":[{"id":"dbda84ab-b06c-4925-9d72-3732ae111ef2","key":"Port","value":"59578","type":"string"},{"id":"7504e994-45c6-4c4a-a3c4-42119e2541a5","key":"Service","value":"Document","type":"string"},{"id":"e84a9536-5ba6-4800-b91c-8fed46cae8d8","key":"Version","value":"v6","type":"string"},{"id":"e891b68b-5e43-4773-a68c-27e65575d2ab","key":"Controller","value":"Keywords","type":"string"}]}