{"info":{"_postman_id":"e8651aa8-d539-428f-82cb-40828e365071","name":"Fxi","schema":"https://schema.getpostman.com/json/collection/v2.1.0/collection.json"},"item":[{"name":"Get auth","id":"83cfcee5-269b-49b2-bf3f-aa47e60d5b70","protocolProfileBehavior":{"disableBodyPruning":true},"request":{"method":"GET","header":[{"key":"Accept","value":"application/json"}],"url":{"raw":"{{Root URL}}?username=OnBSvcPrd","host":["{{Root URL}}"],"query":[{"key":"username","value":"OnBSvcCrt","disabled":true},{"key":"username","value":"OnBSvcInt","disabled":true},{"key":"username","value":"OnBSvcPrd"}]}},"response":[]}],"event":[{"listen":"prerequest","script":{"id":"7d894350-2406-464e-8056-e4e19e9f0055","type":"text/javascript","exec":[""]}},{"listen":"test","script":{"id":"2b9ec913-cbcf-4b3d-aaa4-652e2048d900","type":"text/javascript","exec":[""]}}],"variable":[{"id":"d7ef3a6a-fb06-4c2a-858e-29b60666c0d2","key":"Port","value":"7241","type":"string"},{"id":"49e8ceb5-6908-4a30-b676-8314bda8565b","key":"Service","value":"FXIAuthentication","type":"string"},{"id":"c8d6bc4f-3914-4a4d-9bc2-fdd62bd30a7a","key":"Version","value":"v1","type":"string"},{"id":"3c00d656-fa00-45b0-85e0-695fa76fec77","key":"Controller","value":"Fxi","type":"string"}]}