{"info":{"_postman_id":"ed4b70b2-9174-489f-8f0e-53bc7a6746ad","name":"Document-v6","schema":"https://schema.getpostman.com/json/collection/v2.1.0/collection.json"},"item":[{"name":"Basic Search","id":"755ca4e2-e6d4-4034-80b8-4128cdb7089f","protocolProfileBehavior":{"disableBodyPruning":true},"request":{"method":"GET","header":[],"url":{"raw":"{{Root URL}}/Search?sourceApplication=Postman Testing&userId=ACRDEVER&filters[0].Name=Provider Facing&filters[1].Name=Provider ID&filters[1].Value=340714585414&paging.pagesize=1&paging.pagenumber=34","host":["{{Root URL}}"],"path":["Search"],"query":[{"key":"sourceApplication","value":"Postman Testing"},{"key":"userId","value":"ACRDEVER"},{"key":"filters[0].Name","value":"Provider Facing"},{"key":"filters[1].Name","value":"Provider ID"},{"key":"filters[1].Value","value":"340714585414"},{"key":"paging.pagesize","value":"1"},{"key":"paging.pagenumber","value":"34"}]}},"response":[]}],"auth":{"type":"basic","basic":[{"key":"password","value":"{{API Password}}","type":"string"},{"key":"username","value":"{{API User}}","type":"string"}]},"event":[{"listen":"prerequest","script":{"id":"391b9270-0e58-4854-b657-dcd9a4904d02","type":"text/javascript","exec":["var env = pm.variables.get(\"Environment\");","if(env === \"Local\"){","\tpm.environment.set(\"Controller\", \"\");","}"]}},{"listen":"test","script":{"id":"1fef17d9-82b5-4dc0-a209-2e941ccf4706","type":"text/javascript","exec":[""]}}],"variable":[{"id":"30c3f2b2-d0c5-4f79-bf5e-166133b3c6a9","key":"Port","value":"59578","type":"string"},{"id":"81491b85-8941-494b-bac8-6462cfd7421d","key":"Service","value":"Document","type":"string"},{"id":"f9945926-b429-4626-8374-9244a2e0cc37","key":"Version","value":"v6","type":"string"},{"id":"8eac5c98-f793-466c-92ca-03ba42e9dd35","key":"Controller","value":"","type":"string"}]}