{"info":{"_postman_id":"edeb8523-ddd9-4f81-a7d6-2c481953e1ba","name":"ExportFiles","schema":"https://schema.getpostman.com/json/collection/v2.1.0/collection.json"},"item":[{"name":"api","item":[{"name":"v{version}","item":[{"name":"ExportPRCEcho","item":[{"name":"Export PRC Echo","id":"4626b9ae-ba2a-4bf8-b23e-3e47a4103a82","protocolProfileBehavior":{"disableBodyPruning":true},"request":{"method":"POST","header":[],"url":{"raw":"{{baseUrl}}/api/v{{version}}/ExportPRCEcho?ApplicationName=<string>&ClassName=<string>&FilterName=<string>&RequestMethod=<string>&CorrelationGuid=<uuid>&Attributes=<string>&Attributes=<string>","host":["{{baseUrl}}"],"path":["api","v{{version}}","ExportPRCEcho"],"query":[{"key":"ApplicationName","value":"<string>"},{"key":"ClassName","value":"<string>"},{"key":"FilterName","value":"<string>"},{"key":"RequestMethod","value":"<string>"},{"key":"CorrelationGuid","value":"<uuid>"},{"key":"Attributes","value":"<string>"},{"key":"Attributes","value":"<string>"}]}},"response":[{"id":"0f6cd786-ec9b-46d1-8851-d8fce1e90959","name":"Success","originalRequest":{"method":"POST","header":[{"description":"Added as a part of security scheme: basic","key":"Authorization","value":"Basic <credentials>"}],"url":{"raw":"{{baseUrl}}/api/v{{version}}/ExportPRCEcho?ApplicationName=<string>&ClassName=<string>&FilterName=<string>&RequestMethod=<string>&CorrelationGuid=<uuid>&Attributes=<string>","host":["{{baseUrl}}"],"path":["api","v{{version}}","ExportPRCEcho"],"query":[{"key":"ApplicationName","value":"<string>"},{"key":"ClassName","value":"<string>"},{"key":"FilterName","value":"<string>"},{"key":"RequestMethod","value":"<string>"},{"key":"CorrelationGuid","value":"<uuid>"},{"key":"Attributes","value":"<string>"}]}},"status":"OK","code":200,"_postman_previewlanguage":"text","header":[],"cookie":[],"responseTime":null,"body":""}]}],"id":"346c5d67-3f17-4104-ab97-01eaa7ab1d65"},{"name":"ExportRCO834","item":[{"name":"Export RCO834","id":"982b23ab-e81e-4b91-9c8b-20395dc88fa4","protocolProfileBehavior":{"disableBodyPruning":true},"request":{"method":"POST","header":[],"url":{"raw":"{{baseUrl}}/api/v{{version}}/ExportRCO834?ApplicationName=<string>&ClassName=<string>&FilterName=<string>&RequestMethod=<string>&CorrelationGuid=<uuid>&Attributes=<string>&Attributes=<string>","host":["{{baseUrl}}"],"path":["api","v{{version}}","ExportRCO834"],"query":[{"key":"ApplicationName","value":"<string>"},{"key":"ClassName","value":"<string>"},{"key":"FilterName","value":"<string>"},{"key":"RequestMethod","value":"<string>"},{"key":"CorrelationGuid","value":"<uuid>"},{"key":"Attributes","value":"<string>"},{"key":"Attributes","value":"<string>"}]}},"response":[{"id":"bd4863d4-650f-44dd-9d09-b91d91d185c0","name":"Success","originalRequest":{"method":"POST","header":[{"description":"Added as a part of security scheme: basic","key":"Authorization","value":"Basic <credentials>"}],"url":{"raw":"{{baseUrl}}/api/v{{version}}/ExportRCO834?ApplicationName=<string>&ClassName=<string>&FilterName=<string>&RequestMethod=<string>&CorrelationGuid=<uuid>&Attributes=<string>","host":["{{baseUrl}}"],"path":["api","v{{version}}","ExportRCO834"],"query":[{"key":"ApplicationName","value":"<string>"},{"key":"ClassName","value":"<string>"},{"key":"FilterName","value":"<string>"},{"key":"RequestMethod","value":"<string>"},{"key":"CorrelationGuid","value":"<uuid>"},{"key":"Attributes","value":"<string>"}]}},"status":"OK","code":200,"_postman_previewlanguage":"text","header":[],"cookie":[],"responseTime":null,"body":""}]}],"id":"e2934244-6e2e-4de8-a771-ff79136dfa95"},{"name":"ExportRCOCST","item":[{"name":"Export RCOCST","id":"2150b417-762d-46a5-b7cf-d47c0fc2e773","protocolProfileBehavior":{"disableBodyPruning":true},"request":{"method":"POST","header":[],"url":{"raw":"{{baseUrl}}/api/v{{version}}/ExportRCOCST?ApplicationName=<string>&ClassName=<string>&FilterName=<string>&RequestMethod=<string>&CorrelationGuid=<uuid>&Attributes=<string>&Attributes=<string>","host":["{{baseUrl}}"],"path":["api","v{{version}}","ExportRCOCST"],"query":[{"key":"ApplicationName","value":"<string>"},{"key":"ClassName","value":"<string>"},{"key":"FilterName","value":"<string>"},{"key":"RequestMethod","value":"<string>"},{"key":"CorrelationGuid","value":"<uuid>"},{"key":"Attributes","value":"<string>"},{"key":"Attributes","value":"<string>"}]}},"response":[{"id":"e62bec0d-e846-471c-8af4-cade6a886ffc","name":"Success","originalRequest":{"method":"POST","header":[{"description":"Added as a part of security scheme: basic","key":"Authorization","value":"Basic <credentials>"}],"url":{"raw":"{{baseUrl}}/api/v{{version}}/ExportRCOCST?ApplicationName=<string>&ClassName=<string>&FilterName=<string>&RequestMethod=<string>&CorrelationGuid=<uuid>&Attributes=<string>","host":["{{baseUrl}}"],"path":["api","v{{version}}","ExportRCOCST"],"query":[{"key":"ApplicationName","value":"<string>"},{"key":"ClassName","value":"<string>"},{"key":"FilterName","value":"<string>"},{"key":"RequestMethod","value":"<string>"},{"key":"CorrelationGuid","value":"<uuid>"},{"key":"Attributes","value":"<string>"}]}},"status":"OK","code":200,"_postman_previewlanguage":"text","header":[],"cookie":[],"responseTime":null,"body":""}]}],"id":"5ee430bb-429d-4cc6-9397-e91a676a1b3c"},{"name":"ExportRCFinanceInstaMed","item":[{"name":"Export RC Finance Insta Med","id":"fc355520-60b2-4d9d-914d-7ae482844c66","protocolProfileBehavior":{"disableBodyPruning":true},"request":{"method":"POST","header":[],"url":{"raw":"{{baseUrl}}/api/v{{version}}/ExportRCFinanceInstaMed?ApplicationName=<string>&ClassName=<string>&FilterName=<string>&RequestMethod=<string>&CorrelationGuid=<uuid>&Attributes=<string>&Attributes=<string>","host":["{{baseUrl}}"],"path":["api","v{{version}}","ExportRCFinanceInstaMed"],"query":[{"key":"ApplicationName","value":"<string>"},{"key":"ClassName","value":"<string>"},{"key":"FilterName","value":"<string>"},{"key":"RequestMethod","value":"<string>"},{"key":"CorrelationGuid","value":"<uuid>"},{"key":"Attributes","value":"<string>"},{"key":"Attributes","value":"<string>"}]}},"response":[{"id":"e8887adb-4884-4db5-bba8-86e5d3a7a35d","name":"Success","originalRequest":{"method":"POST","header":[{"description":"Added as a part of security scheme: basic","key":"Authorization","value":"Basic <credentials>"}],"url":{"raw":"{{baseUrl}}/api/v{{version}}/ExportRCFinanceInstaMed?ApplicationName=<string>&ClassName=<string>&FilterName=<string>&RequestMethod=<string>&CorrelationGuid=<uuid>&Attributes=<string>","host":["{{baseUrl}}"],"path":["api","v{{version}}","ExportRCFinanceInstaMed"],"query":[{"key":"ApplicationName","value":"<string>"},{"key":"ClassName","value":"<string>"},{"key":"FilterName","value":"<string>"},{"key":"RequestMethod","value":"<string>"},{"key":"CorrelationGuid","value":"<uuid>"},{"key":"Attributes","value":"<string>"}]}},"status":"OK","code":200,"_postman_previewlanguage":"text","header":[],"cookie":[],"responseTime":null,"body":""}]}],"id":"4b71a4be-bfb7-4172-97e3-1c28117bb638"},{"name":"ExportRCFinanceEchoHealth","item":[{"name":"Export Rc Finance Echo Health","id":"59cd5fee-07e3-4a82-af60-2f7f85dcbb02","protocolProfileBehavior":{"disableBodyPruning":true},"request":{"method":"POST","header":[],"url":{"raw":"{{baseUrl}}/api/v{{version}}/ExportRCFinanceEchoHealth?ApplicationName=<string>&ClassName=<string>&FilterName=<string>&RequestMethod=<string>&CorrelationGuid=<uuid>&Attributes=<string>&Attributes=<string>","host":["{{baseUrl}}"],"path":["api","v{{version}}","ExportRCFinanceEchoHealth"],"query":[{"key":"ApplicationName","value":"<string>"},{"key":"ClassName","value":"<string>"},{"key":"FilterName","value":"<string>"},{"key":"RequestMethod","value":"<string>"},{"key":"CorrelationGuid","value":"<uuid>"},{"key":"Attributes","value":"<string>"},{"key":"Attributes","value":"<string>"}]}},"response":[{"id":"965284ce-0c68-4ed9-81d4-b219d2618505","name":"Success","originalRequest":{"method":"POST","header":[{"description":"Added as a part of security scheme: basic","key":"Authorization","value":"Basic <credentials>"}],"url":{"raw":"{{baseUrl}}/api/v{{version}}/ExportRCFinanceEchoHealth?ApplicationName=<string>&ClassName=<string>&FilterName=<string>&RequestMethod=<string>&CorrelationGuid=<uuid>&Attributes=<string>","host":["{{baseUrl}}"],"path":["api","v{{version}}","ExportRCFinanceEchoHealth"],"query":[{"key":"ApplicationName","value":"<string>"},{"key":"ClassName","value":"<string>"},{"key":"FilterName","value":"<string>"},{"key":"RequestMethod","value":"<string>"},{"key":"CorrelationGuid","value":"<uuid>"},{"key":"Attributes","value":"<string>"}]}},"status":"OK","code":200,"_postman_previewlanguage":"text","header":[],"cookie":[],"responseTime":null,"body":""}]}],"id":"e898022e-0c00-4c9b-b3df-9e5c61283987"},{"name":"ExportRCClaims","item":[{"name":"Export RC Claims","id":"e2f8b2df-fce4-48aa-8159-683de5087be6","protocolProfileBehavior":{"disableBodyPruning":true},"request":{"method":"POST","header":[],"url":{"raw":"{{baseUrl}}/api/v{{version}}/ExportRCClaims?ApplicationName=<string>&ClassName=<string>&FilterName=<string>&RequestMethod=<string>&CorrelationGuid=<uuid>&Attributes=<string>&Attributes=<string>","host":["{{baseUrl}}"],"path":["api","v{{version}}","ExportRCClaims"],"query":[{"key":"ApplicationName","value":"<string>"},{"key":"ClassName","value":"<string>"},{"key":"FilterName","value":"<string>"},{"key":"RequestMethod","value":"<string>"},{"key":"CorrelationGuid","value":"<uuid>"},{"key":"Attributes","value":"<string>"},{"key":"Attributes","value":"<string>"}]}},"response":[{"id":"6ffde3cc-5445-4652-bda5-7833f0395bda","name":"Success","originalRequest":{"method":"POST","header":[{"description":"Added as a part of security scheme: basic","key":"Authorization","value":"Basic <credentials>"}],"url":{"raw":"{{baseUrl}}/api/v{{version}}/ExportRCClaims?ApplicationName=<string>&ClassName=<string>&FilterName=<string>&RequestMethod=<string>&CorrelationGuid=<uuid>&Attributes=<string>","host":["{{baseUrl}}"],"path":["api","v{{version}}","ExportRCClaims"],"query":[{"key":"ApplicationName","value":"<string>"},{"key":"ClassName","value":"<string>"},{"key":"FilterName","value":"<string>"},{"key":"RequestMethod","value":"<string>"},{"key":"CorrelationGuid","value":"<uuid>"},{"key":"Attributes","value":"<string>"}]}},"status":"OK","code":200,"_postman_previewlanguage":"text","header":[],"cookie":[],"responseTime":null,"body":""}]}],"id":"a668220e-ce9c-4087-b3ba-1d3fa7c18752"}],"id":"699508b5-1bb8-4440-a584-d53db16a15b0"}],"id":"3f46480f-5389-4e1a-a55d-e7dfde8000df"}],"auth":{"type":"basic","basic":[{"key":"username","value":"{{basicAuthUsername}}","type":"string"},{"key":"password","value":"{{basicAuthPassword}}","type":"string"}]},"variable":[{"id":"892ac6ad-5b1e-4676-b316-93cd7f1642f7","key":"baseUrl","value":"/exportfiles"},{"id":"cc4f799a-ac2e-4846-a05c-bfd9767c2b04","key":"version","value":"<string>"},{"id":"64bc96f4-46e8-42c9-a2cf-dcbf1e0e5b9b","key":"version","value":"<string>"},{"id":"7382dde4-f291-4696-9497-0a8bf35b933c","key":"version","value":"<string>"},{"id":"40ab0991-33ce-4fff-91ed-08e83b182d0d","key":"version","value":"<string>"},{"id":"55cbc83a-2b29-4515-95a6-5791e457be6b","key":"version","value":"<string>"},{"id":"dadd2413-15dd-45ab-9c80-109a397e24e7","key":"version","value":"<string>"}]}