{"info":{"_postman_id":"f1d19e58-89d3-41e4-aa26-0a9354321708","name":"FXI - Claims Service Wrapper","schema":"https://schema.getpostman.com/json/collection/v2.1.0/collection.json"},"item":[{"name":"http://localhost:5000/api/v1/subscriber/103352058?startServiceDate=2021-11-07&endServiceDate=2021-12-24","id":"7b39c1af-118c-49ba-8a8e-07437d5d137d","protocolProfileBehavior":{"disableBodyPruning":true},"request":{"method":"GET","header":[],"url":{"raw":"http://localhost:5000/api/v1/subscriber/111202039?startServiceDate=2021-11-07&endServiceDate=2021-12-24","protocol":"http","host":["localhost"],"port":"5000","path":["api","v1","subscriber","111202039"],"query":[{"key":"startServiceDate","value":"2021-11-07"},{"key":"endServiceDate","value":"2021-12-24"}]}},"response":[]},{"name":"https://daycrtonapi02/claims/api/v1/subscriber/103352058?startServiceDate=2021-11-07&endServiceDate=2021-12-24","id":"73f5dc42-62a0-4cd2-8a03-1c2bd407d02e","protocolProfileBehavior":{"disableBodyPruning":true},"request":{"method":"GET","header":[],"url":{"raw":"https://daycrtonapi02/claims/api/v1/subscriber/103352058?startServiceDate=2021-11-07&endServiceDate=2021-12-24","protocol":"https","host":["daycrtonapi02"],"path":["claims","api","v1","subscriber","103352058"],"query":[{"key":"startServiceDate","value":"2021-11-07"},{"key":"endServiceDate","value":"2021-12-24"}]}},"response":[]}]}