{"info":{"_postman_id":"ff1f81be-800b-445f-ac34-900873d874b1","name":"Splunk Logging","schema":"https://schema.getpostman.com/json/collection/v2.1.0/collection.json"},"item":[{"name":"Post test","id":"000cc764-7401-410d-9a1b-82a94ae27eff","protocolProfileBehavior":{"disableBodyPruning":true},"request":{"method":"POST","header":[],"body":{"mode":"raw","raw":"{\r\n\t\"host\": \"API02\",\r\n\t\"source\": \"Postman\",\r\n\t\"sourcetype\": \"Testing data\",\r\n\t\"event\": {\r\n\t\t\"Message\":\"here is the body\",\r\n\t\t\"LogLevel\": \"Information\"\r\n\t},\r\n\t\"fields\": {\r\n\t\t\"Application\": \"Messaging\",\r\n\t\t\"QueryString\":\"?QueryString\",\r\n\t\t\"Request\":\"The request\",\r\n\t\t\"Response\":\"The Response\",\r\n\t\t\"Calling Application\": \"Chris Testing\",\r\n\t\t\"Correlation Guid\": \"1f39c362-fdbe-4d33-8e55-434ad31366c9\",\r\n\t\t\"Source Code\": \"MessagingManager.cs\",\r\n\t\t\"Method\": \"SendMEssage\",\r\n\t\t\"FilePath\": \"Path\",\r\n\t\t\"Line Number\": \"123\",\r\n\t\t\"Member Name\": \"Get Token\",\r\n\t\t\"Exception Type\":\"Type\",\r\n\t\t\"Stacktrace\":\"\"\r\n\t}\r\n}","options":{"raw":{"language":"json"}}},"url":{"raw":"https://day-splunk-hf.caresource.corp:8088/services/collector/event/1.0","protocol":"https","host":["day-splunk-hf","caresource","corp"],"port":"8088","path":["services","collector","event","1.0"]}},"response":[]},{"name":"Post test Copy","id":"8b602513-a95c-42d4-8443-eb6c16ac3adf","protocolProfileBehavior":{"disableBodyPruning":true},"request":{"method":"POST","header":[],"body":{"mode":"raw","raw":"{\r\n\t\"host\": \"C0032128L\",\r\n\t\"source\": \"Postman testing\",\r\n\t\"sourcetype\": \"test log method\",\r\n\t\"event\": {\r\n\t\t\"message\": \"this is a weird message\",\r\n\t\t\"logLevel\": \"Error\"\r\n\t},\r\n\t\"fields\": {\r\n\t\t\"SourceApplication\": \"\",\r\n\t\t\"QueryString\": \"\",\r\n\t\t\"RequestBody\": \"\",\r\n\t\t\"ResponseBody\": \"\",\r\n\t\t\"CallingApplication\": \"\",\r\n\t\t\"CorrelationGuid\": \"\",\r\n\t\t\"CallingFilePath\": \"C:\\\\Users\\\\crdever\\\\source\\\\repos\\\\WorkflowAndCollab.Core\\\\test\\\\Core.Tests\\\\Diagnostics\\\\ServiceLoggerTests.cs\",\r\n\t\t\"CallingLineNumber\": \"63\",\r\n\t\t\"CallingMethodName\": \"LogTest1\",\r\n\t\t\"ExceptionType\": \"AmbiguousActionException\",\r\n\t\t\"Stacktrace\": \"   at CareSource.WC.Core.Diagnostics.ServiceLogger.Log[TState](DateTimeOffset timestamp, LogLevel logLevel, EventId eventId, TState state, Exception exception, Func`3 formatter)\\r\\n   at CareSource.WC.Core.Diagnostics.ServiceLogger.Log[TState](LogLevel logLevel, EventId eventId, TState state, Exception exception, Func`3 formatter)\\r\\n   at CareSource.WC.Core.Extensions.LoggerExtensions.LogError(ILogger logger, Exception exception, String message, IDictionary`2 additionalLogData, String memberName, String sourceFilePath, Int32 sourceLineNumber)\\r\\n   at Core.Tests.Diagnostics.ServiceLoggerTests.LogTest1()\\r\\n   at System.RuntimeMethodHandle.InvokeMethod(Object target, Span`1& arguments, Signature sig, Boolean constructor, Boolean wrapExceptions)\\r\\n   at System.Reflection.RuntimeMethodInfo.Invoke(Object obj, BindingFlags invokeAttr, Binder binder, Object[] parameters, CultureInfo culture)\\r\\n   at Microsoft.VisualStudio.TestPlatform.MSTest.TestAdapter.Extensions.MethodInfoExtensions.InvokeAsSynchronousTask(MethodInfo methodInfo, Object classInstance, Object[] parameters)\\r\\n   at Microsoft.VisualStudio.TestPlatform.MSTest.TestAdapter.Execution.TestMethodInfo.ExecuteInternal(Object[] arguments)\\r\\n   at Microsoft.VisualStudio.TestPlatform.MSTest.TestAdapter.Execution.TestMethodInfo.Invoke(Object[] arguments)\\r\\n   at Microsoft.VisualStudio.TestTools.UnitTesting.TestMethodAttribute.Execute(ITestMethod testMethod)\\r\\n   at Microsoft.VisualStudio.TestPlatform.MSTest.TestAdapter.Execution.TestMethodRunner.ExecuteTest(TestMethodInfo testMethodInfo)\\r\\n   at Microsoft.VisualStudio.TestPlatform.MSTest.TestAdapter.Execution.TestMethodRunner.RunTestMethod()\\r\\n   at Microsoft.VisualStudio.TestPlatform.MSTest.TestAdapter.Execution.TestMethodRunner.Execute()\\r\\n   at Microsoft.VisualStudio.TestPlatform.MSTest.TestAdapter.Execution.UnitTestRunner.RunSingleTest(TestMethod testMethod, IDictionary`2 testContextProperties)\\r\\n   at Microsoft.VisualStudio.TestPlatform.MSTest.TestAdapter.Execution.TestExecutionManager.ExecuteTestsWithTestRunner(IEnumerable`1 tests, IRunContext runContext, ITestExecutionRecorder testExecutionRecorder, String source, IDictionary`2 sourceLevelParameters, UnitTestRunner testRunner)\\r\\n   at Microsoft.VisualStudio.TestPlatform.MSTest.TestAdapter.Execution.TestExecutionManager.ExecuteTestsInSource(IEnumerable`1 tests, IRunContext runContext, IFrameworkHandle frameworkHandle, String source, Boolean isDeploymentDone)\\r\\n   at Microsoft.VisualStudio.TestPlatform.MSTest.TestAdapter.Execution.TestExecutionManager.ExecuteTests(IEnumerable`1 tests, IRunContext runContext, IFrameworkHandle frameworkHandle, Boolean isDeploymentDone)\\r\\n   at Microsoft.VisualStudio.TestPlatform.MSTest.TestAdapter.Execution.TestExecutionManager.RunTests(IEnumerable`1 tests, IRunContext runContext, IFrameworkHandle frameworkHandle, TestRunCancellationToken runCancellationToken)\\r\\n   at Microsoft.VisualStudio.TestPlatform.MSTest.TestAdapter.MSTestExecutor.RunTests(IEnumerable`1 tests, IRunContext runContext, IFrameworkHandle frameworkHandle)\\r\\n   at JetBrains.ReSharper.TestRunner.Adapters.MsTest.Executor.RunAllCore(AdapterRunContext adapterContext)\\r\\n   at System.Threading.Tasks.Task.InnerInvoke()\\r\\n   at System.Threading.Tasks.Task.<>c.<.cctor>b__272_0(Object obj)\\r\\n   at System.Threading.ExecutionContext.RunInternal(ExecutionContext executionContext, ContextCallback callback, Object state)\\r\\n   at System.Threading.Tasks.Task.ExecuteWithThreadLocal(Task& currentTaskSlot, Thread threadPoolThread)\\r\\n   at System.Threading.Tasks.Task.ExecuteEntryUnsafe(Thread threadPoolThread)\\r\\n   at System.Threading.Tasks.ThreadPoolTaskScheduler.TryExecuteTaskInline(Task task, Boolean taskWasPreviouslyQueued)\\r\\n   at System.Threading.Tasks.TaskScheduler.TryRunInline(Task task, Boolean taskWasPreviouslyQueued)\\r\\n   at System.Threading.Tasks.Task.WrappedTryRunInline()\\r\\n   at System.Threading.Tasks.Task.InternalWaitCore(Int32 millisecondsTimeout, CancellationToken cancellationToken)\\r\\n   at System.Threading.Tasks.Task.Wait(Int32 millisecondsTimeout, CancellationToken cancellationToken)\\r\\n   at JetBrains.ReSharper.TestRunner.Adapters.MsTest.Executor.RunAll(TestRunRequest request)\\r\\n   at JetBrains.ReSharper.TestRunner.Adapters.MsTest.MsTestRunner.RunTests(TestRunRequest request, ITestDiscoverySink discoverySink, ITestExecutionSink executionSink)\\r\\n   at JetBrains.ReSharper.TestRunner.Implementation.UnitTestRemoteAgent.Execute(TestRunRequest request)\\r\\n   at JetBrains.ReSharper.TestRunner.Implementation.ClientEndpoint.<>c__DisplayClass4_1.<TryRegisterHandler>b__1()\\r\\n   at System.Threading.Tasks.Task`1.InnerInvoke()\\r\\n   at System.Threading.Tasks.Task.<>c.<.cctor>b__272_0(Object obj)\\r\\n   at System.Threading.ExecutionContext.RunFromThreadPoolDispatchLoop(Thread threadPoolThread, ExecutionContext executionContext, ContextCallback callback, Object state)\\r\\n   at System.Threading.Tasks.Task.ExecuteWithThreadLocal(Task& currentTaskSlot, Thread threadPoolThread)\\r\\n   at System.Threading.Tasks.Task.ExecuteEntryUnsafe(Thread threadPoolThread)\\r\\n   at System.Threading.Tasks.Task.ExecuteFromThreadPool(Thread threadPoolThread)\\r\\n   at System.Threading.ThreadPoolWorkQueue.Dispatch()\\r\\n   at System.Threading.PortableThreadPool.WorkerThread.WorkerThreadStart()\\r\\n   at System.Threading.Thread.StartCallback()\\r\\n\",\r\n\t\t\"Exception\": \"{\\\"ClassName\\\":\\\"Microsoft.AspNetCore.Mvc.Infrastructure.AmbiguousActionException\\\",\\\"Message\\\":\\\"Well wow!\\\",\\\"Data\\\":null,\\\"InnerException\\\":null,\\\"HelpURL\\\":null,\\\"StackTraceString\\\":null,\\\"RemoteStackTraceString\\\":null,\\\"RemoteStackIndex\\\":0,\\\"ExceptionMethod\\\":null,\\\"HResult\\\":-2146233079,\\\"Source\\\":null,\\\"WatsonBuckets\\\":null}\",\r\n\t\t\"HttpStatusCode\": \"\",\r\n\t\t\"CurrentUser\": \"\"\r\n\t}\r\n}","options":{"raw":{"language":"json"}}},"url":{"raw":"https://day-splunk-hf.caresource.corp:8088/services/collector/event","protocol":"https","host":["day-splunk-hf","caresource","corp"],"port":"8088","path":["services","collector","event"]}},"response":[]}],"auth":{"type":"basic","basic":[{"key":"password","value":"{{Token}}","type":"string"},{"key":"username","value":"Splunk","type":"string"}]},"event":[{"listen":"prerequest","script":{"id":"baf7adae-ca67-4717-81ef-5abb86aaaede","type":"text/javascript","exec":[""]}},{"listen":"test","script":{"id":"fc55bf97-5412-45ea-9ba3-0147e01ea78c","type":"text/javascript","exec":[""]}}]}