{
  "documents": [
	{
	  "document": 
		{
  			"fileName": "dummy",
			"documentTypeNumber": "1193",
  			"keywords": [
				{
					"name": "Patient ID",
					"value": "1"
				}
			],
  			"claims": [
			{
				"attributes":[
					{
						"name": "CustomerName",
						"value": "CustName"	
					},
					{
						"name": "Address",
						"value": "CustAddress"	
					},
					{
						"name": "PhoneNumber",
						"value": "12345"	
					},
					{
						"name": "CompanyName",
						"value": "Test Company Name"	
					},
					{
						"name": "Date",
						"value": "10/10/2024"	
					},
					{
						"name": "AccountNumber",
						"value": "12345678"	
					}
				]
			}
			]
		}
		
	}
   ]
}